work_package_id,name,item_count,capability_count,capabilities,large_package_review_required,cross_capability_review_required,reviewer_judgement,review_reason,correction,sample_requirement_ids
WP-I0-001,Immutable archive baseline,1,1,Repository proof and feasibility,false,false,CONFIRMED_COHESIVE,"The package is bounded to the immutable archive baseline architectural surface and its direct contracts, records, and tests.",Candidate membership and title reviewed; no numerical/source slicing retained.,CAN-MISSION-I0-001
WP-I0-002,Git baseline and rollback tag,1,1,Repository proof and feasibility,false,false,CONFIRMED_COHESIVE,"The package is bounded to the git baseline and rollback tag architectural surface and its direct contracts, records, and tests.",Candidate membership and title reviewed; no numerical/source slicing retained.,CAN-MISSION-I0-002
WP-I0-003,Repository and archive hashes,1,1,Repository proof and feasibility,false,false,CONFIRMED_COHESIVE,"The package is bounded to the repository and archive hashes architectural surface and its direct contracts, records, and tests.",Candidate membership and title reviewed; no numerical/source slicing retained.,CAN-MISSION-I0-003
WP-I0-004,Mixed-version manifest investigation,1,1,Repository proof and feasibility,false,false,CONFIRMED_COHESIVE,"The package is bounded to the mixed-version manifest investigation architectural surface and its direct contracts, records, and tests.",Candidate membership and title reviewed; no numerical/source slicing retained.,CAN-MISSION-I0-004
WP-I0-005,Toolchain inventory,1,1,Repository proof and feasibility,false,false,CONFIRMED_COHESIVE,"The package is bounded to the toolchain inventory architectural surface and its direct contracts, records, and tests.",Candidate membership and title reviewed; no numerical/source slicing retained.,CAN-MISSION-I0-006
WP-I0-006,Disposable build workspace,1,1,Repository proof and feasibility,false,false,CONFIRMED_COHESIVE,"The package is bounded to the disposable build workspace architectural surface and its direct contracts, records, and tests.",Candidate membership and title reviewed; no numerical/source slicing retained.,CAN-MISSION-I0-005
WP-I0-007,Baseline build and test attempts,1,1,Repository proof and feasibility,false,false,CONFIRMED_COHESIVE,"The package is bounded to the baseline build and test attempts architectural surface and its direct contracts, records, and tests.",Candidate membership and title reviewed; no numerical/source slicing retained.,CAN-MISSION-I0-007
WP-I0-008,Missing fixture classification,1,1,Repository proof and feasibility,false,false,CONFIRMED_COHESIVE,"The package is bounded to the missing fixture classification architectural surface and its direct contracts, records, and tests.",Candidate membership and title reviewed; no numerical/source slicing retained.,CAN-MISSION-I0-008
WP-I0-009,Frontend coupling inventory,1,1,Repository proof and feasibility,false,false,CONFIRMED_COHESIVE,"The package is bounded to the frontend coupling inventory architectural surface and its direct contracts, records, and tests.",Candidate membership and title reviewed; no numerical/source slicing retained.,CAN-MISSION-I0-009
WP-I0-010,Outbound and commercial integration inventory,1,1,Repository proof and feasibility,false,false,CONFIRMED_COHESIVE,"The package is bounded to the outbound and commercial integration inventory architectural surface and its direct contracts, records, and tests.",Candidate membership and title reviewed; no numerical/source slicing retained.,CAN-MISSION-I0-010
WP-I0-011,Active-plan authority adoption,1,1,Repository proof and feasibility,false,false,CONFIRMED_COHESIVE,"The package is bounded to the active-plan authority adoption architectural surface and its direct contracts, records, and tests.",Candidate membership and title reviewed; no numerical/source slicing retained.,CAN-MISSION-I0-011
WP-I1-001,Brand and identity inventory,9,1,Legal and rebranding,false,false,CONFIRMED_COHESIVE,"The package is bounded to the brand and identity inventory architectural surface and its direct contracts, records, and tests.",Candidate membership and title reviewed; no numerical/source slicing retained.,CAN-LAM-ARCH-001;CAN-LAM-ARCH-368;CAN-LAM-ARCH-434;CAN-LAM-ARCH-439;CAN-LAM-ARCH-442;CAN-LAM-ARCH-443;CAN-LAM-LEGAL-010;CAN-SECTION-0030
WP-I1-002,Visible UI rebrand,3,1,Legal and rebranding,false,false,CONFIRMED_COHESIVE,"The package is bounded to the visible ui rebrand architectural surface and its direct contracts, records, and tests.",Candidate membership and title reviewed; no numerical/source slicing retained.,CAN-LAM-ARCH-440;CAN-LAM-GOV-065;CAN-LAM-LEGAL-014
WP-I1-003,Package and bundle identity,2,1,Legal and rebranding,false,false,CONFIRMED_COHESIVE,"The package is bounded to the package and bundle identity architectural surface and its direct contracts, records, and tests.",Candidate membership and title reviewed; no numerical/source slicing retained.,CAN-LAM-ARCH-437;CAN-LAM-ARCH-438
WP-I1-004,Brand asset replacement,2,1,Legal and rebranding,false,false,CONFIRMED_COHESIVE,"The package is bounded to the brand asset replacement architectural surface and its direct contracts, records, and tests.",Candidate membership and title reviewed; no numerical/source slicing retained.,CAN-LAM-ARCH-435;CAN-LAM-ARCH-436
WP-I1-005,Licence and attribution preservation,17,1,Legal and rebranding,false,false,CONFIRMED_COHESIVE,"The package is bounded to the licence and attribution preservation architectural surface and its direct contracts, records, and tests.",Candidate membership and title reviewed; no numerical/source slicing retained.,CAN-LAM-AI-048;CAN-LAM-AI-087;CAN-LAM-ARCH-349;CAN-LAM-ARCH-350;CAN-LAM-ARCH-351;CAN-LAM-ARCH-441;CAN-LAM-ASSET-148;CAN-LAM-ASSET-198
WP-I2-001,Tauri shell bootstrap,1,1,Desktop shell,false,false,CONFIRMED_COHESIVE,"The package is bounded to the tauri shell bootstrap architectural surface and its direct contracts, records, and tests.",Candidate membership and title reviewed; no numerical/source slicing retained.,CAN-LAM-GOV-218
WP-I2-002,Static frontend packaging proof,1,1,Desktop shell,false,false,CONFIRMED_COHESIVE,"The package is bounded to the static frontend packaging proof architectural surface and its direct contracts, records, and tests.",Candidate membership and title reviewed; no numerical/source slicing retained.,CAN-LAM-GOV-233
WP-I2-003,Offline desktop launch,1,1,Desktop shell,false,false,CONFIRMED_COHESIVE,"The package is bounded to the offline desktop launch architectural surface and its direct contracts, records, and tests.",Candidate membership and title reviewed; no numerical/source slicing retained.,CAN-LAM-ARCH-373
WP-I2-004,Tauri capabilities and permissions,1,1,Desktop shell,false,false,CONFIRMED_COHESIVE,"The package is bounded to the tauri capabilities and permissions architectural surface and its direct contracts, records, and tests.",Candidate membership and title reviewed; no numerical/source slicing retained.,CAN-LAM-ARCH-371
WP-I2-005,Local settings bootstrap,1,1,Desktop shell,false,false,CONFIRMED_COHESIVE,"The package is bounded to the local settings bootstrap architectural surface and its direct contracts, records, and tests.",Candidate membership and title reviewed; no numerical/source slicing retained.,CAN-LAM-ARCH-372
WP-I2-007,IPC envelope and versioning,1,1,Desktop shell,false,false,CONFIRMED_COHESIVE,"The package is bounded to the ipc envelope and versioning architectural surface and its direct contracts, records, and tests.",Candidate membership and title reviewed; no numerical/source slicing retained.,CAN-LAM-ARCH-335
WP-I2-008,Stable IPC errors,1,1,Desktop shell,false,false,CONFIRMED_COHESIVE,"The package is bounded to the stable ipc errors architectural surface and its direct contracts, records, and tests.",Candidate membership and title reviewed; no numerical/source slicing retained.,CAN-LAM-ARCH-370
WP-I2-011,Typed frontend command bridge,1,1,Desktop shell,false,false,CONFIRMED_COHESIVE,"The package is bounded to the typed frontend command bridge architectural surface and its direct contracts, records, and tests.",Candidate membership and title reviewed; no numerical/source slicing retained.,CAN-LAM-GOV-217
WP-I2-013,Desktop shell smoke proof,4,1,Desktop shell,false,false,CONFIRMED_COHESIVE,"The package is bounded to the desktop shell smoke proof architectural surface and its direct contracts, records, and tests.",Candidate membership and title reviewed; no numerical/source slicing retained.,CAN-LAM-ARCH-014;CAN-LAM-ASSET-185;CAN-LAM-GOV-216;CAN-LAM-INV-ASSET-01
WP-I3-001,Authoritative record envelope,69,4,Filesystem transactions and recovery;Local data authority;Metadata;Sidecars and metadata authority,true,true,CONFIRMED_SHARED_BOUNDARY,"Reviewed cross-capability package: Authoritative record envelope is a shared architectural surface used by Filesystem transactions and recovery, Local data authority, Metadata, Sidecars and metadata authority. Membership is linked by the same contract/record/workflow boundary, not source order or capacity.",Candidate membership and title reviewed; no numerical/source slicing retained.,CAN-LAM-ARCH-021;CAN-LAM-ARCH-038;CAN-LAM-ARCH-144;CAN-LAM-ARCH-211;CAN-LAM-ASSET-005;CAN-LAM-ASSET-022;CAN-LAM-ASSET-039;CAN-LAM-ASSET-098
WP-I3-002,Stable asset identity,27,1,Asset identity and records,true,false,CONFIRMED_COHESIVE,"The package is bounded to the stable asset identity architectural surface and its direct contracts, records, and tests.",Candidate membership and title reviewed; no numerical/source slicing retained.,CAN-LAM-AI-045;CAN-LAM-ARCH-057;CAN-LAM-ARCH-058;CAN-LAM-ARCH-059;CAN-LAM-ASSET-042;CAN-LAM-ASSET-051;CAN-LAM-ASSET-052;CAN-LAM-ASSET-053
WP-I3-003,Root authorization model,1,1,Local data authority,false,false,CONFIRMED_COHESIVE,"The package is bounded to the root authorization model architectural surface and its direct contracts, records, and tests.",Candidate membership and title reviewed; no numerical/source slicing retained.,CAN-LAM-FOLDER-067
WP-I3-004,Path normalization and escape protection,1,1,Metadata,false,false,CONFIRMED_COHESIVE,"The package is bounded to the path normalization and escape protection architectural surface and its direct contracts, records, and tests.",Candidate membership and title reviewed; no numerical/source slicing retained.,CAN-LAM-EDGE-14
WP-I3-005,Sidecar read protocol,1,1,Metadata,false,false,CONFIRMED_COHESIVE,"The package is bounded to the sidecar read protocol architectural surface and its direct contracts, records, and tests.",Candidate membership and title reviewed; no numerical/source slicing retained.,CAN-LAM-ASSET-134
WP-I3-006,Sidecar write protocol,2,2,Metadata;Sidecars and metadata authority,false,false,CONFIRMED_COHESIVE,"The package is bounded to the sidecar write protocol architectural surface and its direct contracts, records, and tests.",Candidate membership and title reviewed; no numerical/source slicing retained.,CAN-LAM-ARCH-425;CAN-SECTION-0112
WP-I3-007,Authoritative schema migrations,1,1,Sidecars and metadata authority,false,false,CONFIRMED_COHESIVE,"The package is bounded to the authoritative schema migrations architectural surface and its direct contracts, records, and tests.",Candidate membership and title reviewed; no numerical/source slicing retained.,CAN-LAM-BACKUP-004
WP-I3-008,SQLite migration framework,31,5,Asset identity and records;Filesystem transactions and recovery;Local data authority;Metadata;Sidecars and metadata authority,true,true,CONFIRMED_SHARED_BOUNDARY,"Reviewed cross-capability package: SQLite migration framework is a shared architectural surface used by Asset identity and records, Filesystem transactions and recovery, Local data authority, Metadata, Sidecars and metadata authority. Membership is linked by the same contract/record/workflow boundary, not source order or capacity.",Candidate membership and title reviewed; no numerical/source slicing retained.,CAN-LAM-AI-011;CAN-LAM-AI-012;CAN-LAM-ASSET-009;CAN-LAM-ASSET-010;CAN-LAM-ASSET-012;CAN-LAM-ASSET-014;CAN-LAM-ASSET-016;CAN-LAM-ASSET-017
WP-I3-009,Derived-index rebuild contract,11,3,Filesystem transactions and recovery;Local data authority;Sidecars and metadata authority,false,true,CONFIRMED_SHARED_BOUNDARY,"Reviewed cross-capability package: Derived-index rebuild contract is a shared architectural surface used by Filesystem transactions and recovery, Local data authority, Sidecars and metadata authority. Membership is linked by the same contract/record/workflow boundary, not source order or capacity.",Candidate membership and title reviewed; no numerical/source slicing retained.,CAN-LAM-AI-006;CAN-LAM-AI-027;CAN-LAM-ASSET-008;CAN-LAM-ASSET-040;CAN-LAM-ASSET-044;CAN-LAM-EVENT-005;CAN-LAM-GOV-223;CAN-LAM-INV-META-03
WP-I3-010,Filesystem operation journal,5,2,Filesystem transactions and recovery;Sidecars and metadata authority,false,false,CONFIRMED_COHESIVE,"The package is bounded to the filesystem operation journal architectural surface and its direct contracts, records, and tests.",Candidate membership and title reviewed; no numerical/source slicing retained.,CAN-LAM-ASSET-125;CAN-LAM-GOV-257;CAN-LAM-TRANSACTION-001;CAN-LAM-TRANSACTION-002;CAN-SECTION-0193
WP-I3-011,File-operation plan contract,13,2,Filesystem transactions and recovery;Local data authority,false,false,CONFIRMED_COHESIVE,"The package is bounded to the file-operation plan contract architectural surface and its direct contracts, records, and tests.",Candidate membership and title reviewed; no numerical/source slicing retained.,CAN-LAM-ARCH-279;CAN-LAM-ARCH-280;CAN-LAM-ARCH-281;CAN-LAM-ASSET-124;CAN-LAM-ASSET-186;CAN-LAM-FOLDER-036;CAN-LAM-FOLDER-037;CAN-LAM-FOLDER-040
WP-I3-012,Prepare and stage transaction,3,3,Asset identity and records;Filesystem transactions and recovery;Local data authority,false,true,CONFIRMED_SHARED_BOUNDARY,"Reviewed cross-capability package: Prepare and stage transaction is a shared architectural surface used by Asset identity and records, Filesystem transactions and recovery, Local data authority. Membership is linked by the same contract/record/workflow boundary, not source order or capacity.",Candidate membership and title reviewed; no numerical/source slicing retained.,CAN-LAM-FOLDER-011;CAN-LAM-META-008;CAN-LAM-TRANSACTION-011
WP-I3-014,Crash recovery engine,2,1,Filesystem transactions and recovery,false,false,CONFIRMED_COHESIVE,"The package is bounded to the crash recovery engine architectural surface and its direct contracts, records, and tests.",Candidate membership and title reviewed; no numerical/source slicing retained.,CAN-LAM-ARCH-282;CAN-SECTION-0094
WP-I3-015,Revision and concurrency preconditions,6,3,Local data authority;Metadata;Sidecars and metadata authority,false,true,CONFIRMED_SHARED_BOUNDARY,"Reviewed cross-capability package: Revision and concurrency preconditions is a shared architectural surface used by Local data authority, Metadata, Sidecars and metadata authority. Membership is linked by the same contract/record/workflow boundary, not source order or capacity.",Candidate membership and title reviewed; no numerical/source slicing retained.,CAN-LAM-ARCH-022;CAN-LAM-ARCH-184;CAN-LAM-ASSET-187;CAN-LAM-META-016;CAN-LAM-META-017;CAN-LAM-META-077
WP-I3-016,Settings root and drive registries,3,2,Filesystem transactions and recovery;Settings,false,false,CONFIRMED_COHESIVE,"The package is bounded to the settings root and drive registries architectural surface and its direct contracts, records, and tests.",Candidate membership and title reviewed; no numerical/source slicing retained.,CAN-LAM-ARCH-301;CAN-LAM-FOLDER-039;CAN-SECTION-0099
WP-I4-001,Initial recursive scanner,23,3,Libraries and storage;Media ingestion and derivation;Sidecars and metadata authority,true,true,CONFIRMED_SHARED_BOUNDARY,"Reviewed cross-capability package: Initial recursive scanner is a shared architectural surface used by Libraries and storage, Media ingestion and derivation, Sidecars and metadata authority. Membership is linked by the same contract/record/workflow boundary, not source order or capacity.",Candidate membership and title reviewed; no numerical/source slicing retained.,CAN-LAM-ARCH-083;CAN-LAM-ARCH-089;CAN-LAM-ARCH-090;CAN-LAM-ARCH-091;CAN-LAM-ARCH-092;CAN-LAM-ARCH-093;CAN-LAM-ARCH-150;CAN-LAM-ARCH-374
WP-I4-002,Incremental scan and watcher reconciliation,6,1,Media ingestion and derivation,false,false,CONFIRMED_COHESIVE,"The package is bounded to the incremental scan and watcher reconciliation architectural surface and its direct contracts, records, and tests.",Candidate membership and title reviewed; no numerical/source slicing retained.,CAN-LAM-ARCH-084;CAN-LAM-ARCH-085;CAN-LAM-ARCH-086;CAN-LAM-ARCH-375;CAN-LAM-EVENT-060;CAN-SECTION-0164
WP-I4-003,Media format classification,1,1,Media ingestion and derivation,false,false,CONFIRMED_COHESIVE,"The package is bounded to the media format classification architectural surface and its direct contracts, records, and tests.",Candidate membership and title reviewed; no numerical/source slicing retained.,CAN-LAM-ASSET-130
WP-I4-004,HEIF and RAW decode pipeline,2,1,Media ingestion and derivation,false,false,CONFIRMED_COHESIVE,"The package is bounded to the heif and raw decode pipeline architectural surface and its direct contracts, records, and tests.",Candidate membership and title reviewed; no numerical/source slicing retained.,CAN-LAM-ASSET-004;CAN-LAM-ASSET-054
WP-I4-005,Video probing and playback assets,2,1,Media ingestion and derivation,false,false,CONFIRMED_COHESIVE,"The package is bounded to the video probing and playback assets architectural surface and its direct contracts, records, and tests.",Candidate membership and title reviewed; no numerical/source slicing retained.,CAN-LAM-ASSET-028;CAN-SECTION-0115
WP-I4-006,Companion-media detection,5,2,Media ingestion and derivation;Metadata,false,false,CONFIRMED_COHESIVE,"The package is bounded to the companion-media detection architectural surface and its direct contracts, records, and tests.",Candidate membership and title reviewed; no numerical/source slicing retained.,CAN-LAM-ARCH-284;CAN-LAM-ASSET-095;CAN-LAM-ASSET-128;CAN-LAM-FOLDER-042;CAN-SECTION-0134
WP-I4-007,Content hashing and verification,5,2,Libraries and storage;Media ingestion and derivation,false,false,CONFIRMED_COHESIVE,"The package is bounded to the content hashing and verification architectural surface and its direct contracts, records, and tests.",Candidate membership and title reviewed; no numerical/source slicing retained.,CAN-LAM-ARCH-088;CAN-LAM-ARCH-283;CAN-LAM-GOV-280;CAN-SECTION-0052;CAN-SECTION-0095
WP-I4-008,Metadata extraction,17,4,Libraries and storage;Media ingestion and derivation;Metadata;Sidecars and metadata authority,false,true,CONFIRMED_SHARED_BOUNDARY,"Reviewed cross-capability package: Metadata extraction is a shared architectural surface used by Libraries and storage, Media ingestion and derivation, Metadata, Sidecars and metadata authority. Membership is linked by the same contract/record/workflow boundary, not source order or capacity.",Candidate membership and title reviewed; no numerical/source slicing retained.,CAN-LAM-EDGE-03;CAN-LAM-INV-META-01;CAN-LAM-META-013;CAN-LAM-META-014;CAN-LAM-META-026;CAN-LAM-META-033;CAN-LAM-META-036;CAN-LAM-META-040
WP-I4-009,Thumbnail and preview generation,1,1,Media ingestion and derivation,false,false,CONFIRMED_COHESIVE,"The package is bounded to the thumbnail and preview generation architectural surface and its direct contracts, records, and tests.",Candidate membership and title reviewed; no numerical/source slicing retained.,CAN-LAM-ARCH-087
WP-I4-010,Asset and path index,28,2,Libraries and storage;Media ingestion and derivation,true,false,CONFIRMED_COHESIVE,"The package is bounded to the asset and path index architectural surface and its direct contracts, records, and tests.",Candidate membership and title reviewed; no numerical/source slicing retained.,CAN-LAM-ARCH-147;CAN-LAM-ARCH-148;CAN-LAM-ARCH-149;CAN-LAM-ARCH-151;CAN-LAM-ARCH-376;CAN-LAM-ARCH-377;CAN-LAM-ARCH-378;CAN-LAM-ARCH-379
WP-I4-011,Filesystem reconciliation,3,2,Libraries and storage;Media ingestion and derivation,false,false,CONFIRMED_COHESIVE,"The package is bounded to the filesystem reconciliation architectural surface and its direct contracts, records, and tests.",Candidate membership and title reviewed; no numerical/source slicing retained.,CAN-LAM-AI-020;CAN-LAM-FOLDER-050;CAN-SECTION-0178
WP-I4-012,Initial textual index,1,1,Media ingestion and derivation,false,false,CONFIRMED_COHESIVE,"The package is bounded to the initial textual index architectural surface and its direct contracts, records, and tests.",Candidate membership and title reviewed; no numerical/source slicing retained.,CAN-LAM-ASSET-129
WP-I5-001,Gallery grid and virtualization,2,1,Gallery and timeline,false,false,CONFIRMED_COHESIVE,"The package is bounded to the gallery grid and virtualization architectural surface and its direct contracts, records, and tests.",Candidate membership and title reviewed; no numerical/source slicing retained.,CAN-LAM-ARCH-332;CAN-SECTION-0106
WP-I5-002,Timeline navigation,10,1,Gallery and timeline,false,false,CONFIRMED_COHESIVE,"The package is bounded to the timeline navigation architectural surface and its direct contracts, records, and tests.",Candidate membership and title reviewed; no numerical/source slicing retained.,CAN-LAM-ARCH-061;CAN-LAM-ARCH-062;CAN-LAM-ARCH-063;CAN-LAM-ARCH-064;CAN-LAM-ARCH-068;CAN-LAM-ASSET-056;CAN-LAM-EVENT-015;CAN-LAM-FOLDER-012
WP-I5-003,Image viewer,8,1,Asset viewer,false,false,CONFIRMED_COHESIVE,"The package is bounded to the image viewer architectural surface and its direct contracts, records, and tests.",Candidate membership and title reviewed; no numerical/source slicing retained.,CAN-LAM-ARCH-072;CAN-LAM-ARCH-073;CAN-LAM-ARCH-074;CAN-LAM-ARCH-075;CAN-LAM-ARCH-077;CAN-LAM-ARCH-078;CAN-LAM-ASSET-057;CAN-SECTION-0050
WP-I5-004,Video viewer,8,3,Asset viewer;Gallery and timeline;Map and location,false,true,CONFIRMED_SHARED_BOUNDARY,"Reviewed cross-capability package: Video viewer is a shared architectural surface used by Asset viewer, Gallery and timeline, Map and location. Membership is linked by the same contract/record/workflow boundary, not source order or capacity.",Candidate membership and title reviewed; no numerical/source slicing retained.,CAN-LAM-ARCH-069;CAN-LAM-ARCH-070;CAN-LAM-ARCH-076;CAN-LAM-ARCH-248;CAN-LAM-ASSET-003;CAN-LAM-ASSET-030;CAN-LAM-ASSET-055;CAN-LAM-ASSET-058
WP-I5-005,Selection and keyboard navigation,5,4,Asset viewer;Gallery and timeline;Memories;Review Centre,false,true,CONFIRMED_SHARED_BOUNDARY,"Reviewed cross-capability package: Selection and keyboard navigation is a shared architectural surface used by Asset viewer, Gallery and timeline, Memories, Review Centre. Membership is linked by the same contract/record/workflow boundary, not source order or capacity.",Candidate membership and title reviewed; no numerical/source slicing retained.,CAN-LAM-ARCH-065;CAN-LAM-ARCH-066;CAN-LAM-ARCH-071;CAN-LAM-ARCH-239;CAN-LAM-ARCH-277
WP-I5-006,Albums and favorites,25,4,Albums and favorites;Asset viewer;Gallery and timeline;Metadata,true,true,CONFIRMED_SHARED_BOUNDARY,"Reviewed cross-capability package: Albums and favorites is a shared architectural surface used by Albums and favorites, Asset viewer, Gallery and timeline, Metadata. Membership is linked by the same contract/record/workflow boundary, not source order or capacity.",Candidate membership and title reviewed; no numerical/source slicing retained.,CAN-LAM-ARCH-027;CAN-LAM-ARCH-028;CAN-LAM-ARCH-079;CAN-LAM-ARCH-080;CAN-LAM-ARCH-231;CAN-LAM-ARCH-232;CAN-LAM-ARCH-233;CAN-LAM-ARCH-234
WP-I5-007,Memories experience,17,3,Memories;People and faces;Tags,false,true,CONFIRMED_SHARED_BOUNDARY,"Reviewed cross-capability package: Memories experience is a shared architectural surface used by Memories, People and faces, Tags. Membership is linked by the same contract/record/workflow boundary, not source order or capacity.",Candidate membership and title reviewed; no numerical/source slicing retained.,CAN-LAM-ARCH-029;CAN-LAM-ARCH-238;CAN-LAM-ARCH-240;CAN-LAM-ARCH-242;CAN-LAM-ARCH-243;CAN-LAM-EVENT-052;CAN-LAM-FOLDER-034;CAN-LAM-PERF-002
WP-I5-008,Location and map browsing,28,2,Asset viewer;Map and location,true,false,CONFIRMED_COHESIVE,"The package is bounded to the location and map browsing architectural surface and its direct contracts, records, and tests.",Candidate membership and title reviewed; no numerical/source slicing retained.,CAN-LAM-ARCH-034;CAN-LAM-ARCH-041;CAN-LAM-ARCH-081;CAN-LAM-ARCH-244;CAN-LAM-ARCH-245;CAN-LAM-ARCH-246;CAN-LAM-ARCH-247;CAN-LAM-ARCH-249
WP-I5-009,Asset inspector,22,2,Asset viewer;Review Centre,true,false,CONFIRMED_COHESIVE,"The package is bounded to the asset inspector architectural surface and its direct contracts, records, and tests.",Candidate membership and title reviewed; no numerical/source slicing retained.,CAN-LAM-ARCH-188;CAN-LAM-ARCH-192;CAN-LAM-ARCH-195;CAN-LAM-ASSET-059;CAN-LAM-ASSET-078;CAN-LAM-ASSET-138;CAN-LAM-DUPLICATE-002;CAN-LAM-EDIT-003
WP-I5-010,Review Centre foundation,40,7,Asset viewer;Events and organization;Gallery and timeline;Jobs and notifications;Libraries and storage;People and faces;Review Centre,true,true,CONFIRMED_SHARED_BOUNDARY,"Reviewed cross-capability package: Review Centre foundation is a shared architectural surface used by Asset viewer, Events and organization, Gallery and timeline, Jobs and notifications, Libraries and storage, People and faces, Review Centre. Membership is linked by the same contract/record/workflow boundary, not source order or capacity.",Candidate membership and title reviewed; no numerical/source slicing retained.,CAN-LAM-AI-043;CAN-LAM-ARCH-067;CAN-LAM-ARCH-166;CAN-LAM-ARCH-168;CAN-LAM-ARCH-169;CAN-LAM-ARCH-170;CAN-LAM-ARCH-171;CAN-LAM-ARCH-172
WP-I5-011,Saved views and filters,1,1,Asset viewer,false,false,CONFIRMED_COHESIVE,"The package is bounded to the saved views and filters architectural surface and its direct contracts, records, and tests.",Candidate membership and title reviewed; no numerical/source slicing retained.,CAN-LAM-ASSET-032
WP-I5-012,Offline library parity proof,2,1,Asset viewer,false,false,CONFIRMED_COHESIVE,"The package is bounded to the offline library parity proof architectural surface and its direct contracts, records, and tests.",Candidate membership and title reviewed; no numerical/source slicing retained.,CAN-LAM-ARCH-333;CAN-SECTION-0107
WP-I6-001,Manage Later non-mutating scan,19,1,Events and organization,false,false,CONFIRMED_COHESIVE,"The package is bounded to the manage later non-mutating scan architectural surface and its direct contracts, records, and tests.",Candidate membership and title reviewed; no numerical/source slicing retained.,CAN-LAM-ARCH-048;CAN-LAM-ARCH-049;CAN-LAM-ARCH-052;CAN-LAM-ARCH-055;CAN-LAM-ARCH-056;CAN-LAM-ASSET-048;CAN-LAM-ASSET-049;CAN-LAM-ASSET-050
WP-I6-002,Event authoritative records,26,2,Events and organization;Metadata,true,false,CONFIRMED_COHESIVE,"The package is bounded to the event authoritative records architectural surface and its direct contracts, records, and tests.",Candidate membership and title reviewed; no numerical/source slicing retained.,CAN-LAM-ARCH-095;CAN-LAM-ARCH-096;CAN-LAM-ARCH-097;CAN-LAM-ARCH-157;CAN-LAM-EVENT-003;CAN-LAM-EVENT-018;CAN-LAM-EVENT-019;CAN-LAM-EVENT-023
WP-I6-003,Manual event creation,15,2,Events and organization;Libraries and storage,false,false,CONFIRMED_COHESIVE,"The package is bounded to the manual event creation architectural surface and its direct contracts, records, and tests.",Candidate membership and title reviewed; no numerical/source slicing retained.,CAN-LAM-ARCH-098;CAN-LAM-ARCH-100;CAN-LAM-ARCH-102;CAN-LAM-ASSET-062;CAN-LAM-EVENT-012;CAN-LAM-EVENT-079;CAN-LAM-FOLDER-021;CAN-LAM-FOLDER-031
WP-I6-004,Event inference proposals,2,2,Events and organization;Libraries and storage,false,false,CONFIRMED_COHESIVE,"The package is bounded to the event inference proposals architectural surface and its direct contracts, records, and tests.",Candidate membership and title reviewed; no numerical/source slicing retained.,CAN-LAM-FOLDER-001;CAN-LAM-PERSON-021
WP-I6-005,Event merge plan,4,1,Events and organization,false,false,CONFIRMED_COHESIVE,"The package is bounded to the event merge plan architectural surface and its direct contracts, records, and tests.",Candidate membership and title reviewed; no numerical/source slicing retained.,CAN-LAM-ARCH-044;CAN-LAM-ARCH-053;CAN-LAM-PERSON-018;CAN-SECTION-0045
WP-I6-006,Event split and link plans,21,3,Events and organization;Libraries and storage;Metadata,true,true,CONFIRMED_SHARED_BOUNDARY,"Reviewed cross-capability package: Event split and link plans is a shared architectural surface used by Events and organization, Libraries and storage, Metadata. Membership is linked by the same contract/record/workflow boundary, not source order or capacity.",Candidate membership and title reviewed; no numerical/source slicing retained.,CAN-LAM-ARCH-045;CAN-LAM-ARCH-153;CAN-LAM-ARCH-380;CAN-LAM-ARCH-381;CAN-LAM-ASSET-097;CAN-LAM-EDGE-06;CAN-LAM-EVENT-024;CAN-LAM-EVENT-035
WP-I6-007,Event naming and normalization,7,3,Events and organization;Libraries and storage;Metadata,false,true,CONFIRMED_SHARED_BOUNDARY,"Reviewed cross-capability package: Event naming and normalization is a shared architectural surface used by Events and organization, Libraries and storage, Metadata. Membership is linked by the same contract/record/workflow boundary, not source order or capacity.",Candidate membership and title reviewed; no numerical/source slicing retained.,CAN-LAM-ARCH-051;CAN-LAM-EDGE-16;CAN-LAM-EVENT-007;CAN-LAM-EVENT-046;CAN-LAM-FOLDER-068;CAN-LAM-INV-EVENT-01;CAN-SECTION-0152
WP-I6-008,Date and location boundaries,17,3,Events and organization;Libraries and storage;Map and location,false,true,CONFIRMED_SHARED_BOUNDARY,"Reviewed cross-capability package: Date and location boundaries is a shared architectural surface used by Events and organization, Libraries and storage, Map and location. Membership is linked by the same contract/record/workflow boundary, not source order or capacity.",Candidate membership and title reviewed; no numerical/source slicing retained.,CAN-LAM-ARCH-036;CAN-LAM-ARCH-054;CAN-LAM-ARCH-099;CAN-LAM-ARCH-101;CAN-LAM-ASSET-038;CAN-LAM-EVENT-009;CAN-LAM-EVENT-010;CAN-LAM-EVENT-020
WP-I6-009,Event filesystem materialization plan,19,2,Events and organization;Libraries and storage,false,false,CONFIRMED_COHESIVE,"The package is bounded to the event filesystem materialization plan architectural surface and its direct contracts, records, and tests.",Candidate membership and title reviewed; no numerical/source slicing retained.,CAN-LAM-ARCH-037;CAN-LAM-ASSET-070;CAN-LAM-EVENT-002;CAN-LAM-EVENT-037;CAN-LAM-EVENT-042;CAN-LAM-EVENT-045;CAN-LAM-EVENT-057;CAN-LAM-EVENT-058
WP-I6-010,Event and Manage Later UI,17,1,Events and organization,false,false,CONFIRMED_COHESIVE,"The package is bounded to the event and manage later ui architectural surface and its direct contracts, records, and tests.",Candidate membership and title reviewed; no numerical/source slicing retained.,CAN-LAM-ARCH-050;CAN-LAM-ARCH-152;CAN-LAM-ARCH-154;CAN-LAM-ARCH-155;CAN-LAM-ARCH-156;CAN-LAM-ASSET-036;CAN-LAM-ASSET-071;CAN-LAM-FOLDER-029
WP-I7-001,Face detection task slice,8,1,People and faces,false,false,CONFIRMED_COHESIVE,"The package is bounded to the face detection task slice architectural surface and its direct contracts, records, and tests.",Candidate membership and title reviewed; no numerical/source slicing retained.,CAN-LAM-AI-022;CAN-LAM-AI-023;CAN-LAM-ARCH-105;CAN-LAM-ASSET-085;CAN-LAM-FACE-001;CAN-LAM-PERSON-007;CAN-LAM-PERSON-128;CAN-SECTION-0232
WP-I7-002,Face candidate records,1,1,People and faces,false,false,CONFIRMED_COHESIVE,"The package is bounded to the face candidate records architectural surface and its direct contracts, records, and tests.",Candidate membership and title reviewed; no numerical/source slicing retained.,CAN-LAM-PERSON-055
WP-I7-003,Face clustering and curation,11,1,People and faces,false,false,CONFIRMED_COHESIVE,"The package is bounded to the face clustering and curation architectural surface and its direct contracts, records, and tests.",Candidate membership and title reviewed; no numerical/source slicing retained.,CAN-LAM-ARCH-103;CAN-LAM-ARCH-382;CAN-LAM-EDGE-07;CAN-LAM-PERSON-001;CAN-LAM-PERSON-008;CAN-LAM-PERSON-009;CAN-LAM-PERSON-027;CAN-LAM-PERSON-033
WP-I7-004,Person identity model,23,1,People and faces,true,false,CONFIRMED_COHESIVE,"The package is bounded to the person identity model architectural surface and its direct contracts, records, and tests.",Candidate membership and title reviewed; no numerical/source slicing retained.,CAN-LAM-ARCH-106;CAN-LAM-ARCH-108;CAN-LAM-ARCH-111;CAN-LAM-ASSET-063;CAN-LAM-EVENT-038;CAN-LAM-EVENT-049;CAN-LAM-PERSON-012;CAN-LAM-PERSON-026
WP-I7-005,Person aliases and naming,4,1,People and faces,false,false,CONFIRMED_COHESIVE,"The package is bounded to the person aliases and naming architectural surface and its direct contracts, records, and tests.",Candidate membership and title reviewed; no numerical/source slicing retained.,CAN-LAM-ARCH-107;CAN-LAM-ARCH-112;CAN-LAM-ARCH-118;CAN-LAM-ARCH-121
WP-I7-007,Group identity model,22,2,Metadata;People and faces,true,false,CONFIRMED_COHESIVE,"The package is bounded to the group identity model architectural surface and its direct contracts, records, and tests.",Candidate membership and title reviewed; no numerical/source slicing retained.,CAN-LAM-AI-075;CAN-LAM-ARCH-117;CAN-LAM-ARCH-119;CAN-LAM-ARCH-120;CAN-LAM-ARCH-383;CAN-LAM-ARCH-384;CAN-LAM-EVENT-039;CAN-LAM-EVENT-040
WP-I7-008,Temporal group memberships,15,1,People and faces,false,false,CONFIRMED_COHESIVE,"The package is bounded to the temporal group memberships architectural surface and its direct contracts, records, and tests.",Candidate membership and title reviewed; no numerical/source slicing retained.,CAN-LAM-ARCH-109;CAN-LAM-ARCH-113;CAN-LAM-ARCH-114;CAN-LAM-ARCH-115;CAN-LAM-ARCH-116;CAN-LAM-ARCH-385;CAN-LAM-ASSET-007;CAN-LAM-ASSET-064
WP-I7-009,Scoped face corrections,7,1,People and faces,false,false,CONFIRMED_COHESIVE,"The package is bounded to the scoped face corrections architectural surface and its direct contracts, records, and tests.",Candidate membership and title reviewed; no numerical/source slicing retained.,CAN-LAM-ARCH-104;CAN-LAM-PERSON-035;CAN-LAM-PERSON-036;CAN-LAM-PERSON-037;CAN-LAM-PERSON-038;CAN-LAM-PERSON-039;CAN-SECTION-0057
WP-I7-010,People and face privacy,10,3,Asset viewer;Metadata;People and faces,false,true,CONFIRMED_SHARED_BOUNDARY,"Reviewed cross-capability package: People and face privacy is a shared architectural surface used by Asset viewer, Metadata, People and faces. Membership is linked by the same contract/record/workflow boundary, not source order or capacity.",Candidate membership and title reviewed; no numerical/source slicing retained.,CAN-LAM-ARCH-110;CAN-LAM-ARCH-298;CAN-LAM-ARCH-299;CAN-LAM-ASSET-137;CAN-LAM-PERSON-093;CAN-LAM-PERSON-094;CAN-LAM-PERSON-096;CAN-SECTION-0023
WP-I7-011,People and groups UI,2,1,People and faces,false,false,CONFIRMED_COHESIVE,"The package is bounded to the people and groups ui architectural surface and its direct contracts, records, and tests.",Candidate membership and title reviewed; no numerical/source slicing retained.,CAN-LAM-PERSON-100;CAN-SECTION-0231
WP-I8-001,Tag records and namespaces,28,3,Metadata;Relationships and attribution;Tags,true,true,CONFIRMED_SHARED_BOUNDARY,"Reviewed cross-capability package: Tag records and namespaces is a shared architectural surface used by Metadata, Relationships and attribution, Tags. Membership is linked by the same contract/record/workflow boundary, not source order or capacity.",Candidate membership and title reviewed; no numerical/source slicing retained.,CAN-LAM-AI-024;CAN-LAM-AI-042;CAN-LAM-ARCH-025;CAN-LAM-ARCH-158;CAN-LAM-ARCH-159;CAN-LAM-ARCH-160;CAN-LAM-ARCH-161;CAN-LAM-ARCH-162
WP-I8-002,Tag candidates and review,5,2,Relationships and attribution;Tags,false,false,CONFIRMED_COHESIVE,"The package is bounded to the tag candidates and review architectural surface and its direct contracts, records, and tests.",Candidate membership and title reviewed; no numerical/source slicing retained.,CAN-LAM-AI-076;CAN-LAM-ARCH-039;CAN-LAM-ARCH-165;CAN-SECTION-0042;CAN-SECTION-0068
WP-I8-004,Relationship records,18,2,People and faces;Relationships and attribution,false,false,CONFIRMED_COHESIVE,"The package is bounded to the relationship records architectural surface and its direct contracts, records, and tests.",Candidate membership and title reviewed; no numerical/source slicing retained.,CAN-LAM-ARCH-125;CAN-LAM-ARCH-130;CAN-LAM-ARCH-132;CAN-LAM-ASSET-006;CAN-LAM-GOV-239;CAN-LAM-PERSON-011;CAN-LAM-PERSON-042;CAN-LAM-PERSON-056
WP-I8-005,Multi-edge relationship history,7,1,Relationships and attribution,false,false,CONFIRMED_COHESIVE,"The package is bounded to the multi-edge relationship history architectural surface and its direct contracts, records, and tests.",Candidate membership and title reviewed; no numerical/source slicing retained.,CAN-LAM-ARCH-128;CAN-LAM-ARCH-129;CAN-LAM-ARCH-131;CAN-LAM-ARCH-133;CAN-LAM-ARCH-388;CAN-LAM-INV-PERSON-02;CAN-LAM-PERSON-002
WP-I8-006,Relationship projections and views,26,3,Metadata;People and faces;Relationships and attribution,true,true,CONFIRMED_SHARED_BOUNDARY,"Reviewed cross-capability package: Relationship projections and views is a shared architectural surface used by Metadata, People and faces, Relationships and attribution. Membership is linked by the same contract/record/workflow boundary, not source order or capacity.",Candidate membership and title reviewed; no numerical/source slicing retained.,CAN-LAM-ARCH-175;CAN-LAM-ARCH-387;CAN-LAM-ARCH-389;CAN-LAM-ASSET-045;CAN-LAM-ASSET-067;CAN-LAM-ASSET-080;CAN-LAM-ASSET-082;CAN-LAM-ASSET-083
WP-I8-007,Photographer camera-owner importer attribution,27,1,Relationships and attribution,true,false,CONFIRMED_COHESIVE,"The package is bounded to the photographer camera-owner importer attribution architectural surface and its direct contracts, records, and tests.",Candidate membership and title reviewed; no numerical/source slicing retained.,CAN-LAM-AI-036;CAN-LAM-ARCH-177;CAN-LAM-ARCH-199;CAN-LAM-ARCH-390;CAN-LAM-ASSET-013;CAN-LAM-ASSET-015;CAN-LAM-ASSET-031;CAN-LAM-ASSET-037
WP-I8-009,Relationship review and conflicts,8,3,Metadata;People and faces;Relationships and attribution,false,true,CONFIRMED_SHARED_BOUNDARY,"Reviewed cross-capability package: Relationship review and conflicts is a shared architectural surface used by Metadata, People and faces, Relationships and attribution. Membership is linked by the same contract/record/workflow boundary, not source order or capacity.",Candidate membership and title reviewed; no numerical/source slicing retained.,CAN-LAM-ARCH-126;CAN-LAM-ARCH-127;CAN-LAM-ARCH-134;CAN-LAM-ARCH-135;CAN-LAM-ASSET-001;CAN-LAM-ASSET-076;CAN-LAM-INV-META-02;CAN-SECTION-0061
WP-I8-010,Relationship provenance and explanations,1,1,Relationships and attribution,false,false,CONFIRMED_COHESIVE,"The package is bounded to the relationship provenance and explanations architectural surface and its direct contracts, records, and tests.",Candidate membership and title reviewed; no numerical/source slicing retained.,CAN-LAM-ARCH-391
WP-I9-001,Canonical knowledge-graph projection,7,1,Mind-map projections,false,false,CONFIRMED_COHESIVE,"The package is bounded to the canonical knowledge-graph projection architectural surface and its direct contracts, records, and tests.",Candidate membership and title reviewed; no numerical/source slicing retained.,CAN-LAM-ARCH-026;CAN-LAM-ARCH-346;CAN-LAM-ARCH-392;CAN-LAM-ARCH-393;CAN-LAM-EVENT-084;CAN-SECTION-0033;CAN-SECTION-0109
WP-I9-003,Folder-scoped mind map,1,1,Mind-map projections,false,false,CONFIRMED_COHESIVE,"The package is bounded to the folder-scoped mind map architectural surface and its direct contracts, records, and tests.",Candidate membership and title reviewed; no numerical/source slicing retained.,CAN-LAM-FOLDER-022
WP-I9-004,Event mind map,5,1,Mind-map projections,false,false,CONFIRMED_COHESIVE,"The package is bounded to the event mind map architectural surface and its direct contracts, records, and tests.",Candidate membership and title reviewed; no numerical/source slicing retained.,CAN-LAM-ARCH-082;CAN-LAM-ASSET-035;CAN-LAM-ASSET-069;CAN-LAM-EVENT-043;CAN-LAM-EVENT-083
WP-I9-005,People and relationship map,3,1,Mind-map projections,false,false,CONFIRMED_COHESIVE,"The package is bounded to the people and relationship map architectural surface and its direct contracts, records, and tests.",Candidate membership and title reviewed; no numerical/source slicing retained.,CAN-LAM-PERSON-015;CAN-LAM-PERSON-054;CAN-LAM-PERSON-127
WP-I9-006,Persistent map drafts,2,1,Mind-map projections,false,false,CONFIRMED_COHESIVE,"The package is bounded to the persistent map drafts architectural surface and its direct contracts, records, and tests.",Candidate membership and title reviewed; no numerical/source slicing retained.,CAN-LAM-ARCH-417;CAN-SECTION-0111
WP-I9-007,Simulation and materialization,1,1,Mind-map projections,false,false,CONFIRMED_COHESIVE,"The package is bounded to the simulation and materialization architectural surface and its direct contracts, records, and tests.",Candidate membership and title reviewed; no numerical/source slicing retained.,CAN-LAM-ARCH-418
WP-I10-001,AI worker lifecycle,3,3,Jobs and notifications;Local AI worker;Metadata,false,true,CONFIRMED_SHARED_BOUNDARY,"Reviewed cross-capability package: AI worker lifecycle is a shared architectural surface used by Jobs and notifications, Local AI worker, Metadata. Membership is linked by the same contract/record/workflow boundary, not source order or capacity.",Candidate membership and title reviewed; no numerical/source slicing retained.,CAN-LAM-AI-001;CAN-LAM-ARCH-223;CAN-LAM-META-034
WP-I10-002,Private local worker transport,16,2,Jobs and notifications;Local AI worker,false,false,CONFIRMED_COHESIVE,"The package is bounded to the private local worker transport architectural surface and its direct contracts, records, and tests.",Candidate membership and title reviewed; no numerical/source slicing retained.,CAN-LAM-AI-028;CAN-LAM-AI-046;CAN-LAM-AI-077;CAN-LAM-AI-086;CAN-LAM-ARCH-193;CAN-LAM-FOLDER-032;CAN-LAM-GOV-220;CAN-LAM-GOV-221
WP-I10-003,Model and component registry,4,2,Local AI worker;Review Centre,false,false,CONFIRMED_COHESIVE,"The package is bounded to the model and component registry architectural surface and its direct contracts, records, and tests.",Candidate membership and title reviewed; no numerical/source slicing retained.,CAN-LAM-AI-007;CAN-LAM-AI-032;CAN-LAM-ARCH-394;CAN-SECTION-0021
WP-I10-004,Model checksums and compatibility,3,1,Local AI worker,false,false,CONFIRMED_COHESIVE,"The package is bounded to the model checksums and compatibility architectural surface and its direct contracts, records, and tests.",Candidate membership and title reviewed; no numerical/source slicing retained.,CAN-LAM-AI-033;CAN-LAM-ARCH-230;CAN-LAM-INV-AI-04
WP-I10-005,Hardware assessment,16,3,Asset viewer;Local AI worker;Memories,false,true,CONFIRMED_SHARED_BOUNDARY,"Reviewed cross-capability package: Hardware assessment is a shared architectural surface used by Asset viewer, Local AI worker, Memories. Membership is linked by the same contract/record/workflow boundary, not source order or capacity.",Candidate membership and title reviewed; no numerical/source slicing retained.,CAN-LAM-ARCH-216;CAN-LAM-ARCH-217;CAN-LAM-ARCH-218;CAN-LAM-ARCH-219;CAN-LAM-ARCH-220;CAN-LAM-ARCH-221;CAN-LAM-ARCH-222;CAN-LAM-ARCH-395
WP-I10-006,Local AI scheduler,6,2,Jobs and notifications;Local AI worker,false,false,CONFIRMED_COHESIVE,"The package is bounded to the local ai scheduler architectural surface and its direct contracts, records, and tests.",Candidate membership and title reviewed; no numerical/source slicing retained.,CAN-LAM-AI-031;CAN-LAM-AI-085;CAN-LAM-ARCH-030;CAN-SECTION-0020;CAN-SECTION-0028;CAN-SECTION-0037
WP-I10-007,AI task queue persistence,4,2,Local AI worker;Review Centre,false,false,CONFIRMED_COHESIVE,"The package is bounded to the ai task queue persistence architectural surface and its direct contracts, records, and tests.",Candidate membership and title reviewed; no numerical/source slicing retained.,CAN-LAM-AI-079;CAN-LAM-ARCH-229;CAN-LAM-GOV-259;CAN-SECTION-0081
WP-I10-008,AI progress cancellation and retry,4,2,Jobs and notifications;Local AI worker,false,false,CONFIRMED_COHESIVE,"The package is bounded to the ai progress cancellation and retry architectural surface and its direct contracts, records, and tests.",Candidate membership and title reviewed; no numerical/source slicing retained.,CAN-LAM-ARCH-141;CAN-LAM-ARCH-213;CAN-SECTION-0062;CAN-SECTION-0075
WP-I10-009,Local OCR,8,1,Search and OCR,false,false,CONFIRMED_COHESIVE,"The package is bounded to the local ocr architectural surface and its direct contracts, records, and tests.",Candidate membership and title reviewed; no numerical/source slicing retained.,CAN-LAM-AI-014;CAN-LAM-AI-017;CAN-LAM-AI-030;CAN-LAM-AI-035;CAN-LAM-AI-044;CAN-LAM-GOV-263;CAN-SECTION-0014;CAN-SECTION-0025
WP-I10-010,Embeddings and semantic search,36,2,People and faces;Search and OCR,true,false,CONFIRMED_COHESIVE,"The package is bounded to the embeddings and semantic search architectural surface and its direct contracts, records, and tests.",Candidate membership and title reviewed; no numerical/source slicing retained.,CAN-LAM-AI-029;CAN-LAM-ARCH-197;CAN-LAM-ARCH-198;CAN-LAM-ARCH-200;CAN-LAM-ARCH-201;CAN-LAM-ARCH-202;CAN-LAM-ARCH-203;CAN-LAM-ARCH-204
WP-I10-011,Duplicate and similarity candidates,32,5,Albums and favorites;Duplicates;Metadata;Review Centre;Tags,true,true,CONFIRMED_SHARED_BOUNDARY,"Reviewed cross-capability package: Duplicate and similarity candidates is a shared architectural surface used by Albums and favorites, Duplicates, Metadata, Review Centre, Tags. Membership is linked by the same contract/record/workflow boundary, not source order or capacity.",Candidate membership and title reviewed; no numerical/source slicing retained.,CAN-LAM-AI-018;CAN-LAM-AI-039;CAN-LAM-AI-078;CAN-LAM-ARCH-024;CAN-LAM-ARCH-040;CAN-LAM-ARCH-225;CAN-LAM-ARCH-251;CAN-LAM-ARCH-252
WP-I10-012,Location proposals,3,2,Duplicates;Map and location,false,false,CONFIRMED_COHESIVE,"The package is bounded to the location proposals architectural surface and its direct contracts, records, and tests.",Candidate membership and title reviewed; no numerical/source slicing retained.,CAN-LAM-ARCH-215;CAN-LAM-PERSON-086;CAN-SECTION-0077
WP-I10-013,AI review suppression and invalidation,7,4,Duplicates;Local AI worker;Metadata;Review Centre,false,true,CONFIRMED_SHARED_BOUNDARY,"Reviewed cross-capability package: AI review suppression and invalidation is a shared architectural surface used by Duplicates, Local AI worker, Metadata, Review Centre. Membership is linked by the same contract/record/workflow boundary, not source order or capacity.",Candidate membership and title reviewed; no numerical/source slicing retained.,CAN-LAM-AI-009;CAN-LAM-AI-016;CAN-LAM-AI-026;CAN-LAM-AI-038;CAN-LAM-AI-049;CAN-LAM-ARCH-224;CAN-SECTION-0079
WP-I10-014,AI privacy and outbound prohibition,1,1,Sharing and mobile backup,false,false,CONFIRMED_COHESIVE,"The package is bounded to the ai privacy and outbound prohibition architectural surface and its direct contracts, records, and tests.",Candidate membership and title reviewed; no numerical/source slicing retained.,CAN-LAM-ASSET-190
WP-I11-001,Authority-aware metadata editor,1,1,Editing,false,false,CONFIRMED_COHESIVE,"The package is bounded to the authority-aware metadata editor architectural surface and its direct contracts, records, and tests.",Candidate membership and title reviewed; no numerical/source slicing retained.,CAN-LAM-META-071
WP-I11-002,Batch metadata plans,1,1,Editing,false,false,CONFIRMED_COHESIVE,"The package is bounded to the batch metadata plans architectural surface and its direct contracts, records, and tests.",Candidate membership and title reviewed; no numerical/source slicing retained.,CAN-LAM-ARCH-399
WP-I11-003,Metadata privacy removal,10,1,Editing,false,false,CONFIRMED_COHESIVE,"The package is bounded to the metadata privacy removal architectural surface and its direct contracts, records, and tests.",Candidate membership and title reviewed; no numerical/source slicing retained.,CAN-LAM-ARCH-291;CAN-LAM-ARCH-292;CAN-LAM-ARCH-293;CAN-LAM-ARCH-294;CAN-LAM-ARCH-295;CAN-LAM-ARCH-296;CAN-LAM-ARCH-297;CAN-LAM-META-044
WP-I11-004,Non-destructive edit recipes,4,1,Editing,false,false,CONFIRMED_COHESIVE,"The package is bounded to the non-destructive edit recipes architectural surface and its direct contracts, records, and tests.",Candidate membership and title reviewed; no numerical/source slicing retained.,CAN-LAM-EDIT-004;CAN-LAM-EDIT-005;CAN-LAM-EDIT-011;CAN-SECTION-0149
WP-I11-006,Derivative manifests and export,2,1,Editing,false,false,CONFIRMED_COHESIVE,"The package is bounded to the derivative manifests and export architectural surface and its direct contracts, records, and tests.",Candidate membership and title reviewed; no numerical/source slicing retained.,CAN-LAM-ASSET-122;CAN-LAM-EDIT-006
WP-I11-009,Privacy export recipes,2,1,Editing,false,false,CONFIRMED_COHESIVE,"The package is bounded to the privacy export recipes architectural surface and its direct contracts, records, and tests.",Candidate membership and title reviewed; no numerical/source slicing retained.,CAN-LAM-EDIT-001;CAN-LAM-EDIT-013
WP-I11-010,Metadata snapshots and restore,6,3,Duplicates;Editing;Metadata,false,true,CONFIRMED_SHARED_BOUNDARY,"Reviewed cross-capability package: Metadata snapshots and restore is a shared architectural surface used by Duplicates, Editing, Metadata. Membership is linked by the same contract/record/workflow boundary, not source order or capacity.",Candidate membership and title reviewed; no numerical/source slicing retained.,CAN-LAM-ARCH-398;CAN-LAM-ASSET-136;CAN-LAM-GOV-018;CAN-LAM-GOV-112;CAN-LAM-META-019;CAN-LAM-META-075
WP-I11-011,Edit revision conflicts,1,1,Editing,false,false,CONFIRMED_COHESIVE,"The package is bounded to the edit revision conflicts architectural surface and its direct contracts, records, and tests.",Candidate membership and title reviewed; no numerical/source slicing retained.,CAN-LAM-GOV-243
WP-I11-012,Editing and mutation recovery,2,1,Editing,false,false,CONFIRMED_COHESIVE,"The package is bounded to the editing and mutation recovery architectural surface and its direct contracts, records, and tests.",Candidate membership and title reviewed; no numerical/source slicing retained.,CAN-LAM-ASSET-191;CAN-LAM-EDIT-012
WP-I12-001,External-drive registry,6,1,External drives and path resilience,false,false,CONFIRMED_COHESIVE,"The package is bounded to the external-drive registry architectural surface and its direct contracts, records, and tests.",Candidate membership and title reviewed; no numerical/source slicing retained.,CAN-LAM-ARCH-311;CAN-LAM-ARCH-312;CAN-LAM-ARCH-317;CAN-LAM-ASSET-089;CAN-LAM-EDGE-09;CAN-SECTION-0102
WP-I12-002,Drive disconnection state machine,1,1,External drives and path resilience,false,false,CONFIRMED_COHESIVE,"The package is bounded to the drive disconnection state machine architectural surface and its direct contracts, records, and tests.",Candidate membership and title reviewed; no numerical/source slicing retained.,CAN-LAM-FOLDER-048
WP-I12-003,Drive reconnection and identity validation,5,1,External drives and path resilience,false,false,CONFIRMED_COHESIVE,"The package is bounded to the drive reconnection and identity validation architectural surface and its direct contracts, records, and tests.",Candidate membership and title reviewed; no numerical/source slicing retained.,CAN-LAM-ARCH-094;CAN-LAM-ARCH-400;CAN-LAM-FOLDER-049;CAN-LAM-FOLDER-052;CAN-SECTION-0179
WP-I12-004,Detached read-only experience,1,1,External drives and path resilience,false,false,CONFIRMED_COHESIVE,"The package is bounded to the detached read-only experience architectural surface and its direct contracts, records, and tests.",Candidate membership and title reviewed; no numerical/source slicing retained.,CAN-LAM-EXTERNAL-001
WP-I12-005,Pending sidecar overlays,2,1,External drives and path resilience,false,false,CONFIRMED_COHESIVE,"The package is bounded to the pending sidecar overlays architectural surface and its direct contracts, records, and tests.",Candidate membership and title reviewed; no numerical/source slicing retained.,CAN-LAM-EDGE-05;CAN-LAM-META-072
WP-I12-006,Root and asset relinking,19,1,External drives and path resilience,false,false,CONFIRMED_COHESIVE,"The package is bounded to the root and asset relinking architectural surface and its direct contracts, records, and tests.",Candidate membership and title reviewed; no numerical/source slicing retained.,CAN-LAM-ARCH-309;CAN-LAM-ARCH-310;CAN-LAM-ARCH-313;CAN-LAM-ARCH-315;CAN-LAM-ARCH-316;CAN-LAM-ARCH-401;CAN-LAM-ARCH-402;CAN-LAM-ARCH-404
WP-I12-007,Cross-volume copy and verify,1,1,External drives and path resilience,false,false,CONFIRMED_COHESIVE,"The package is bounded to the cross-volume copy and verify architectural surface and its direct contracts, records, and tests.",Candidate membership and title reviewed; no numerical/source slicing retained.,CAN-LAM-GOV-258
WP-I12-008,Cross-platform path adapters,2,1,External drives and path resilience,false,false,CONFIRMED_COHESIVE,"The package is bounded to the cross-platform path adapters architectural surface and its direct contracts, records, and tests.",Candidate membership and title reviewed; no numerical/source slicing retained.,CAN-LAM-FOLDER-072;CAN-LAM-GOV-054
WP-I12-009,Drive transaction recovery,3,1,External drives and path resilience,false,false,CONFIRMED_COHESIVE,"The package is bounded to the drive transaction recovery architectural surface and its direct contracts, records, and tests.",Candidate membership and title reviewed; no numerical/source slicing retained.,CAN-LAM-ARCH-314;CAN-LAM-ARCH-403;CAN-LAM-GOV-052
WP-I13-001,Backup manifest contract,9,1,"Backup, trash, restore and rebuild",false,false,CONFIRMED_COHESIVE,"The package is bounded to the backup manifest contract architectural surface and its direct contracts, records, and tests.",Candidate membership and title reviewed; no numerical/source slicing retained.,CAN-LAM-ASSET-019;CAN-LAM-ASSET-034;CAN-LAM-ASSET-101;CAN-LAM-ASSET-119;CAN-LAM-BACKUP-024;CAN-LAM-EDGE-12;CAN-LAM-INV-ASSET-06;CAN-LAM-META-011
WP-I13-002,Backup execution,1,1,"Backup, trash, restore and rebuild",false,false,CONFIRMED_COHESIVE,"The package is bounded to the backup execution architectural surface and its direct contracts, records, and tests.",Candidate membership and title reviewed; no numerical/source slicing retained.,CAN-LAM-GOV-238
WP-I13-003,Backup verification,1,1,"Backup, trash, restore and rebuild",false,false,CONFIRMED_COHESIVE,"The package is bounded to the backup verification architectural surface and its direct contracts, records, and tests.",Candidate membership and title reviewed; no numerical/source slicing retained.,CAN-LAM-ARCH-405
WP-I13-005,Restore and collision handling,1,1,"Backup, trash, restore and rebuild",false,false,CONFIRMED_COHESIVE,"The package is bounded to the restore and collision handling architectural surface and its direct contracts, records, and tests.",Candidate membership and title reviewed; no numerical/source slicing retained.,CAN-LAM-ARCH-305
WP-I13-006,Trash records and root trash,1,1,"Backup, trash, restore and rebuild",false,false,CONFIRMED_COHESIVE,"The package is bounded to the trash records and root trash architectural surface and its direct contracts, records, and tests.",Candidate membership and title reviewed; no numerical/source slicing retained.,CAN-LAM-TRASH-006
WP-I13-007,Trash and permanent-delete operations,1,1,"Backup, trash, restore and rebuild",false,false,CONFIRMED_COHESIVE,"The package is bounded to the trash and permanent-delete operations architectural surface and its direct contracts, records, and tests.",Candidate membership and title reviewed; no numerical/source slicing retained.,CAN-LAM-INV-ASSET-04
WP-I13-008,Recovery records and audit,1,1,"Backup, trash, restore and rebuild",false,false,CONFIRMED_COHESIVE,"The package is bounded to the recovery records and audit architectural surface and its direct contracts, records, and tests.",Candidate membership and title reviewed; no numerical/source slicing retained.,CAN-LAM-ASSET-139
WP-I13-009,SQLite index rebuild,5,1,"Backup, trash, restore and rebuild",false,false,CONFIRMED_COHESIVE,"The package is bounded to the sqlite index rebuild architectural surface and its direct contracts, records, and tests.",Candidate membership and title reviewed; no numerical/source slicing retained.,CAN-LAM-BACKUP-021;CAN-LAM-META-050;CAN-LAM-META-074;CAN-SECTION-0209;CAN-SECTION-0210
WP-I13-010,AI cache rebuild,1,1,"Backup, trash, restore and rebuild",false,false,CONFIRMED_COHESIVE,"The package is bounded to the ai cache rebuild architectural surface and its direct contracts, records, and tests.",Candidate membership and title reviewed; no numerical/source slicing retained.,CAN-LAM-META-020
WP-I13-011,Backup restore rebuild disaster drill,27,1,"Backup, trash, restore and rebuild",true,false,CONFIRMED_COHESIVE,"The package is bounded to the backup restore rebuild disaster drill architectural surface and its direct contracts, records, and tests.",Candidate membership and title reviewed; no numerical/source slicing retained.,CAN-LAM-AI-081;CAN-LAM-ARCH-306;CAN-LAM-ARCH-307;CAN-LAM-ARCH-308;CAN-LAM-ASSET-002;CAN-LAM-ASSET-043;CAN-LAM-ASSET-126;CAN-LAM-ASSET-140
WP-I14-001,Performance fixture definitions,3,2,Asset viewer;Local AI worker,false,false,CONFIRMED_COHESIVE,"The package is bounded to the performance fixture definitions architectural surface and its direct contracts, records, and tests.",Candidate membership and title reviewed; no numerical/source slicing retained.,CAN-LAM-ASSET-147;CAN-LAM-PERF-008;CAN-SECTION-0214
WP-I14-002,Scan and index performance,2,1,Metadata,false,false,CONFIRMED_COHESIVE,"The package is bounded to the scan and index performance architectural surface and its direct contracts, records, and tests.",Candidate membership and title reviewed; no numerical/source slicing retained.,CAN-LAM-META-048;CAN-SECTION-0207
WP-I14-003,Gallery and viewer performance,7,2,Asset viewer;Gallery and timeline,false,false,CONFIRMED_COHESIVE,"The package is bounded to the gallery and viewer performance architectural surface and its direct contracts, records, and tests.",Candidate membership and title reviewed; no numerical/source slicing retained.,CAN-LAM-ARCH-318;CAN-LAM-ARCH-319;CAN-LAM-ARCH-320;CAN-LAM-ARCH-345;CAN-SECTION-0103;CAN-SECTION-0104;CAN-SECTION-0108
WP-I14-004,AI performance and resource budgets,2,1,Duplicates,false,false,CONFIRMED_COHESIVE,"The package is bounded to the ai performance and resource budgets architectural surface and its direct contracts, records, and tests.",Candidate membership and title reviewed; no numerical/source slicing retained.,CAN-LAM-DUPLICATE-009;CAN-SECTION-0147
WP-I14-005,Accessibility semantics,8,5,Desktop shell;Gallery and timeline;Jobs and notifications;Libraries and storage;Memories,false,true,CONFIRMED_SHARED_BOUNDARY,"Reviewed cross-capability package: Accessibility semantics is a shared architectural surface used by Desktop shell, Gallery and timeline, Jobs and notifications, Libraries and storage, Memories. Membership is linked by the same contract/record/workflow boundary, not source order or capacity.",Candidate membership and title reviewed; no numerical/source slicing retained.,CAN-LAM-ARCH-406;CAN-LAM-ARCH-407;CAN-LAM-ARCH-409;CAN-LAM-PERF-005;CAN-LAM-PERF-006;CAN-MISSION-I14-001;CAN-MISSION-I14-003;CAN-MISSION-I14-004
WP-I14-008,Map and graph accessibility,2,2,Desktop shell;Gallery and timeline,false,false,CONFIRMED_COHESIVE,"The package is bounded to the map and graph accessibility architectural surface and its direct contracts, records, and tests.",Candidate membership and title reviewed; no numerical/source slicing retained.,CAN-LAM-ARCH-408;CAN-MISSION-I14-002
WP-I14-009,Background-job controls,4,2,Jobs and notifications;Memories,false,false,CONFIRMED_COHESIVE,"The package is bounded to the background-job controls architectural surface and its direct contracts, records, and tests.",Candidate membership and title reviewed; no numerical/source slicing retained.,CAN-LAM-ARCH-325;CAN-LAM-ARCH-326;CAN-LAM-PERF-010;CAN-SECTION-0105
WP-I14-010,Resource and power controls,4,2,Memories;People and faces,false,false,CONFIRMED_COHESIVE,"The package is bounded to the resource and power controls architectural surface and its direct contracts, records, and tests.",Candidate membership and title reviewed; no numerical/source slicing retained.,CAN-LAM-PERF-004;CAN-LAM-PERSON-098;CAN-SECTION-0213;CAN-SECTION-0230
WP-I15-001,Cross-platform packages and clean-machine proof,1,1,Administration,false,false,CONFIRMED_COHESIVE,"The package is bounded to the windows package and clean-machine proof architectural surface and its direct contracts, records, and tests.",Candidate membership and title reviewed; no numerical/source slicing retained.,CAN-MISSION-I15-001
WP-I15-005,Signing and notarization pipeline,1,1,Packaging and legacy eradication,false,false,CONFIRMED_COHESIVE,"The package is bounded to the signing and notarization pipeline architectural surface and its direct contracts, records, and tests.",Candidate membership and title reviewed; no numerical/source slicing retained.,CAN-LAM-FOLDER-073
WP-I15-006,Runtime component licence decisions,3,1,Packaging and legacy eradication,false,false,CONFIRMED_COHESIVE,"The package is bounded to the runtime component licence decisions architectural surface and its direct contracts, records, and tests.",Candidate membership and title reviewed; no numerical/source slicing retained.,CAN-LAM-AI-047;CAN-LAM-AI-083;CAN-LAM-GOV-069
WP-I15-007,SBOM and third-party notices,1,1,Packaging and legacy eradication,false,false,CONFIRMED_COHESIVE,"The package is bounded to the sbom and third-party notices architectural surface and its direct contracts, records, and tests.",Candidate membership and title reviewed; no numerical/source slicing retained.,CAN-MISSION-I15-002
WP-I15-008,Integrated retained-feature parity,1,1,Packaging and legacy eradication,false,false,CONFIRMED_COHESIVE,"The package is bounded to the integrated retained-feature parity architectural surface and its direct contracts, records, and tests.",Candidate membership and title reviewed; no numerical/source slicing retained.,CAN-LAM-AI-082
WP-I15-014,Final outbound-traffic verification,1,1,Administration,false,false,CONFIRMED_COHESIVE,"The package is bounded to the final outbound-traffic verification architectural surface and its direct contracts, records, and tests.",Candidate membership and title reviewed; no numerical/source slicing retained.,CAN-MISSION-I15-003
