Package ID,Final package ID,Final decision,Final disposition,Evidence,Item-specific rationale,Reviewer role,Review revision,Verification status
WP-I0-001,WP-I0-001,KEEP_VERIFIED,KEEP_VERIFIED,"requirements.csv, requirement-mapping.csv, reviewed-actionable-requirements-v3.csv, work-packages.json inspected for WP-I0-001 with 2 members",WP-I0-001 retains 2 requirements whose Pass A reviews and Codebase evidence support the current boundary.,PASS_B_INDEPENDENT_EVIDENCE_REVIEWER,2026-08-06-pass-b-v2,VERIFIED
WP-I0-002,WP-I0-002,KEEP_VERIFIED,KEEP_VERIFIED,"requirements.csv, requirement-mapping.csv, reviewed-actionable-requirements-v3.csv, work-packages.json inspected for WP-I0-002 with 1 members",WP-I0-002 retains 1 requirements whose Pass A reviews and Codebase evidence support the current boundary.,PASS_B_INDEPENDENT_EVIDENCE_REVIEWER,2026-08-06-pass-b-v2,VERIFIED
WP-I0-003,WP-I0-003,KEEP_VERIFIED,KEEP_VERIFIED,"requirements.csv, requirement-mapping.csv, reviewed-actionable-requirements-v3.csv, work-packages.json inspected for WP-I0-003 with 1 members",WP-I0-003 retains 1 requirements whose Pass A reviews and Codebase evidence support the current boundary.,PASS_B_INDEPENDENT_EVIDENCE_REVIEWER,2026-08-06-pass-b-v2,VERIFIED
WP-I0-004,WP-I0-004,KEEP_VERIFIED,KEEP_VERIFIED,"requirements.csv, requirement-mapping.csv, reviewed-actionable-requirements-v3.csv, work-packages.json inspected for WP-I0-004 with 1 members",WP-I0-004 retains 1 requirements whose Pass A reviews and Codebase evidence support the current boundary.,PASS_B_INDEPENDENT_EVIDENCE_REVIEWER,2026-08-06-pass-b-v2,VERIFIED
WP-I0-005,WP-I0-005,KEEP_VERIFIED,KEEP_VERIFIED,"requirements.csv, requirement-mapping.csv, reviewed-actionable-requirements-v3.csv, work-packages.json inspected for WP-I0-005 with 1 members",WP-I0-005 retains 1 requirements whose Pass A reviews and Codebase evidence support the current boundary.,PASS_B_INDEPENDENT_EVIDENCE_REVIEWER,2026-08-06-pass-b-v2,VERIFIED
WP-I0-006,WP-I0-006,KEEP_VERIFIED,KEEP_VERIFIED,"requirements.csv, requirement-mapping.csv, reviewed-actionable-requirements-v3.csv, work-packages.json inspected for WP-I0-006 with 1 members",WP-I0-006 retains 1 requirements whose Pass A reviews and Codebase evidence support the current boundary.,PASS_B_INDEPENDENT_EVIDENCE_REVIEWER,2026-08-06-pass-b-v2,VERIFIED
WP-I0-007,WP-I0-007,KEEP_VERIFIED,KEEP_VERIFIED,"requirements.csv, requirement-mapping.csv, reviewed-actionable-requirements-v3.csv, work-packages.json inspected for WP-I0-007 with 1 members",WP-I0-007 retains 1 requirements whose Pass A reviews and Codebase evidence support the current boundary.,PASS_B_INDEPENDENT_EVIDENCE_REVIEWER,2026-08-06-pass-b-v2,VERIFIED
WP-I0-008,WP-I0-008,KEEP_VERIFIED,KEEP_VERIFIED,"requirements.csv, requirement-mapping.csv, reviewed-actionable-requirements-v3.csv, work-packages.json inspected for WP-I0-008 with 1 members",WP-I0-008 retains 1 requirements whose Pass A reviews and Codebase evidence support the current boundary.,PASS_B_INDEPENDENT_EVIDENCE_REVIEWER,2026-08-06-pass-b-v2,VERIFIED
WP-I0-009,WP-I0-009,KEEP_VERIFIED,KEEP_VERIFIED,"requirements.csv, requirement-mapping.csv, reviewed-actionable-requirements-v3.csv, work-packages.json inspected for WP-I0-009 with 1 members",WP-I0-009 retains 1 requirements whose Pass A reviews and Codebase evidence support the current boundary.,PASS_B_INDEPENDENT_EVIDENCE_REVIEWER,2026-08-06-pass-b-v2,VERIFIED
WP-I0-010,WP-I0-010,KEEP_VERIFIED,KEEP_VERIFIED,"requirements.csv, requirement-mapping.csv, reviewed-actionable-requirements-v3.csv, work-packages.json inspected for WP-I0-010 with 1 members",WP-I0-010 retains 1 requirements whose Pass A reviews and Codebase evidence support the current boundary.,PASS_B_INDEPENDENT_EVIDENCE_REVIEWER,2026-08-06-pass-b-v2,VERIFIED
WP-I0-011,WP-I0-011,KEEP_VERIFIED,KEEP_VERIFIED,"requirements.csv, requirement-mapping.csv, reviewed-actionable-requirements-v3.csv, work-packages.json inspected for WP-I0-011 with 20 members",WP-I0-011 retains 20 requirements whose Pass A reviews and Codebase evidence support the current boundary.,PASS_B_INDEPENDENT_EVIDENCE_REVIEWER,2026-08-06-pass-b-v2,VERIFIED
WP-I1-001,WP-I1-001,KEEP_VERIFIED,KEEP_VERIFIED,"requirements.csv, requirement-mapping.csv, reviewed-actionable-requirements-v3.csv, work-packages.json inspected for WP-I1-001 with 7 members",WP-I1-001 retains 7 requirements whose Pass A reviews and Codebase evidence support the current boundary.,PASS_B_INDEPENDENT_EVIDENCE_REVIEWER,2026-08-06-pass-b-v2,VERIFIED
WP-I1-002,WP-I1-002,KEEP_VERIFIED,KEEP_VERIFIED,"requirements.csv, requirement-mapping.csv, reviewed-actionable-requirements-v3.csv, work-packages.json inspected for WP-I1-002 with 2 members",WP-I1-002 retains 2 requirements whose Pass A reviews and Codebase evidence support the current boundary.,PASS_B_INDEPENDENT_EVIDENCE_REVIEWER,2026-08-06-pass-b-v2,VERIFIED
WP-I1-003,WP-I1-003,KEEP_VERIFIED,KEEP_VERIFIED,"requirements.csv, requirement-mapping.csv, reviewed-actionable-requirements-v3.csv, work-packages.json inspected for WP-I1-003 with 2 members",WP-I1-003 retains 2 requirements whose Pass A reviews and Codebase evidence support the current boundary.,PASS_B_INDEPENDENT_EVIDENCE_REVIEWER,2026-08-06-pass-b-v2,VERIFIED
WP-I1-004,WP-I1-004,KEEP_VERIFIED,KEEP_VERIFIED,"requirements.csv, requirement-mapping.csv, reviewed-actionable-requirements-v3.csv, work-packages.json inspected for WP-I1-004 with 2 members",WP-I1-004 retains 2 requirements whose Pass A reviews and Codebase evidence support the current boundary.,PASS_B_INDEPENDENT_EVIDENCE_REVIEWER,2026-08-06-pass-b-v2,VERIFIED
WP-I1-005,WP-I1-005,KEEP_VERIFIED,KEEP_VERIFIED,"requirements.csv, requirement-mapping.csv, reviewed-actionable-requirements-v3.csv, work-packages.json inspected for WP-I1-005 with 15 members",WP-I1-005 retains 15 requirements whose Pass A reviews and Codebase evidence support the current boundary.,PASS_B_INDEPENDENT_EVIDENCE_REVIEWER,2026-08-06-pass-b-v2,VERIFIED
WP-I10-001,WP-I10-001,KEEP_VERIFIED,KEEP_VERIFIED,"requirements.csv, requirement-mapping.csv, reviewed-actionable-requirements-v3.csv, work-packages.json inspected for WP-I10-001 with 1 members",WP-I10-001 retains 1 requirements whose Pass A reviews and Codebase evidence support the current boundary.,PASS_B_INDEPENDENT_EVIDENCE_REVIEWER,2026-08-06-pass-b-v2,VERIFIED
WP-I10-002,WP-I10-002,KEEP_VERIFIED,KEEP_VERIFIED,"requirements.csv, requirement-mapping.csv, reviewed-actionable-requirements-v3.csv, work-packages.json inspected for WP-I10-002 with 4 members",WP-I10-002 retains 4 requirements whose Pass A reviews and Codebase evidence support the current boundary.,PASS_B_INDEPENDENT_EVIDENCE_REVIEWER,2026-08-06-pass-b-v2,VERIFIED
WP-I10-003,WP-I10-003,KEEP_VERIFIED,KEEP_VERIFIED,"requirements.csv, requirement-mapping.csv, reviewed-actionable-requirements-v3.csv, work-packages.json inspected for WP-I10-003 with 2 members",WP-I10-003 retains 2 requirements whose Pass A reviews and Codebase evidence support the current boundary.,PASS_B_INDEPENDENT_EVIDENCE_REVIEWER,2026-08-06-pass-b-v2,VERIFIED
WP-I10-004,WP-I10-004,KEEP_VERIFIED,KEEP_VERIFIED,"requirements.csv, requirement-mapping.csv, reviewed-actionable-requirements-v3.csv, work-packages.json inspected for WP-I10-004 with 3 members",WP-I10-004 retains 3 requirements whose Pass A reviews and Codebase evidence support the current boundary.,PASS_B_INDEPENDENT_EVIDENCE_REVIEWER,2026-08-06-pass-b-v2,VERIFIED
WP-I10-005,WP-I10-005,KEEP_VERIFIED,KEEP_VERIFIED,"requirements.csv, requirement-mapping.csv, reviewed-actionable-requirements-v3.csv, work-packages.json inspected for WP-I10-005 with 13 members",WP-I10-005 retains 13 requirements whose Pass A reviews and Codebase evidence support the current boundary.,PASS_B_INDEPENDENT_EVIDENCE_REVIEWER,2026-08-06-pass-b-v2,VERIFIED
WP-I10-006,WP-I10-006,KEEP_VERIFIED,KEEP_VERIFIED,"requirements.csv, requirement-mapping.csv, reviewed-actionable-requirements-v3.csv, work-packages.json inspected for WP-I10-006 with 3 members",WP-I10-006 retains 3 requirements whose Pass A reviews and Codebase evidence support the current boundary.,PASS_B_INDEPENDENT_EVIDENCE_REVIEWER,2026-08-06-pass-b-v2,VERIFIED
WP-I10-007,WP-I10-007,KEEP_VERIFIED,KEEP_VERIFIED,"requirements.csv, requirement-mapping.csv, reviewed-actionable-requirements-v3.csv, work-packages.json inspected for WP-I10-007 with 2 members",WP-I10-007 retains 2 requirements whose Pass A reviews and Codebase evidence support the current boundary.,PASS_B_INDEPENDENT_EVIDENCE_REVIEWER,2026-08-06-pass-b-v2,VERIFIED
WP-I10-008,WP-I10-008,KEEP_VERIFIED,KEEP_VERIFIED,"requirements.csv, requirement-mapping.csv, reviewed-actionable-requirements-v3.csv, work-packages.json inspected for WP-I10-008 with 2 members",WP-I10-008 retains 2 requirements whose Pass A reviews and Codebase evidence support the current boundary.,PASS_B_INDEPENDENT_EVIDENCE_REVIEWER,2026-08-06-pass-b-v2,VERIFIED
WP-I10-009,WP-I10-009,KEEP_VERIFIED,KEEP_VERIFIED,"requirements.csv, requirement-mapping.csv, reviewed-actionable-requirements-v3.csv, work-packages.json inspected for WP-I10-009 with 6 members",WP-I10-009 retains 6 requirements whose Pass A reviews and Codebase evidence support the current boundary.,PASS_B_INDEPENDENT_EVIDENCE_REVIEWER,2026-08-06-pass-b-v2,VERIFIED
WP-I10-010,WP-I10-010,KEEP_VERIFIED,KEEP_VERIFIED,"requirements.csv, requirement-mapping.csv, reviewed-actionable-requirements-v3.csv, work-packages.json inspected for WP-I10-010 with 9 members",WP-I10-010 retains 9 requirements whose Pass A reviews and Codebase evidence support the current boundary.,PASS_B_INDEPENDENT_EVIDENCE_REVIEWER,2026-08-06-pass-b-v2,VERIFIED
WP-I10-011,WP-I10-011,KEEP_VERIFIED,KEEP_VERIFIED,"requirements.csv, requirement-mapping.csv, reviewed-actionable-requirements-v3.csv, work-packages.json inspected for WP-I10-011 with 21 members",WP-I10-011 retains 21 requirements whose Pass A reviews and Codebase evidence support the current boundary.,PASS_B_INDEPENDENT_EVIDENCE_REVIEWER,2026-08-06-pass-b-v2,VERIFIED
WP-I10-012,WP-I10-012,KEEP_VERIFIED,KEEP_VERIFIED,"requirements.csv, requirement-mapping.csv, reviewed-actionable-requirements-v3.csv, work-packages.json inspected for WP-I10-012 with 1 members",WP-I10-012 retains 1 requirements whose Pass A reviews and Codebase evidence support the current boundary.,PASS_B_INDEPENDENT_EVIDENCE_REVIEWER,2026-08-06-pass-b-v2,VERIFIED
WP-I10-013,WP-I10-013,KEEP_VERIFIED,KEEP_VERIFIED,"requirements.csv, requirement-mapping.csv, reviewed-actionable-requirements-v3.csv, work-packages.json inspected for WP-I10-013 with 1 members",WP-I10-013 retains 1 requirements whose Pass A reviews and Codebase evidence support the current boundary.,PASS_B_INDEPENDENT_EVIDENCE_REVIEWER,2026-08-06-pass-b-v2,VERIFIED
WP-I11-001,WP-I11-001,KEEP_VERIFIED,KEEP_VERIFIED,"requirements.csv, requirement-mapping.csv, reviewed-actionable-requirements-v3.csv, work-packages.json inspected for WP-I11-001 with 4 members",WP-I11-001 retains 4 requirements whose Pass A reviews and Codebase evidence support the current boundary.,PASS_B_INDEPENDENT_EVIDENCE_REVIEWER,2026-08-06-pass-b-v2,VERIFIED
WP-I11-002,WP-I11-002,KEEP_VERIFIED,KEEP_VERIFIED,"requirements.csv, requirement-mapping.csv, reviewed-actionable-requirements-v3.csv, work-packages.json inspected for WP-I11-002 with 1 members",WP-I11-002 retains 1 requirements whose Pass A reviews and Codebase evidence support the current boundary.,PASS_B_INDEPENDENT_EVIDENCE_REVIEWER,2026-08-06-pass-b-v2,VERIFIED
WP-I11-003,WP-I11-003,KEEP_VERIFIED,KEEP_VERIFIED,"requirements.csv, requirement-mapping.csv, reviewed-actionable-requirements-v3.csv, work-packages.json inspected for WP-I11-003 with 9 members",WP-I11-003 retains 9 requirements whose Pass A reviews and Codebase evidence support the current boundary.,PASS_B_INDEPENDENT_EVIDENCE_REVIEWER,2026-08-06-pass-b-v2,VERIFIED
WP-I11-004,WP-I11-004,KEEP_VERIFIED,KEEP_VERIFIED,"requirements.csv, requirement-mapping.csv, reviewed-actionable-requirements-v3.csv, work-packages.json inspected for WP-I11-004 with 4 members",WP-I11-004 retains 4 requirements whose Pass A reviews and Codebase evidence support the current boundary.,PASS_B_INDEPENDENT_EVIDENCE_REVIEWER,2026-08-06-pass-b-v2,VERIFIED
WP-I11-006,WP-I11-006,KEEP_VERIFIED,KEEP_VERIFIED,"requirements.csv, requirement-mapping.csv, reviewed-actionable-requirements-v3.csv, work-packages.json inspected for WP-I11-006 with 2 members",WP-I11-006 retains 2 requirements whose Pass A reviews and Codebase evidence support the current boundary.,PASS_B_INDEPENDENT_EVIDENCE_REVIEWER,2026-08-06-pass-b-v2,VERIFIED
WP-I11-009,WP-I11-009,KEEP_VERIFIED,KEEP_VERIFIED,"requirements.csv, requirement-mapping.csv, reviewed-actionable-requirements-v3.csv, work-packages.json inspected for WP-I11-009 with 2 members",WP-I11-009 retains 2 requirements whose Pass A reviews and Codebase evidence support the current boundary.,PASS_B_INDEPENDENT_EVIDENCE_REVIEWER,2026-08-06-pass-b-v2,VERIFIED
WP-I11-010,WP-I11-010,KEEP_VERIFIED,KEEP_VERIFIED,"requirements.csv, requirement-mapping.csv, reviewed-actionable-requirements-v3.csv, work-packages.json inspected for WP-I11-010 with 5 members",WP-I11-010 retains 5 requirements whose Pass A reviews and Codebase evidence support the current boundary.,PASS_B_INDEPENDENT_EVIDENCE_REVIEWER,2026-08-06-pass-b-v2,VERIFIED
WP-I11-011,WP-I11-011,KEEP_VERIFIED,KEEP_VERIFIED,"requirements.csv, requirement-mapping.csv, reviewed-actionable-requirements-v3.csv, work-packages.json inspected for WP-I11-011 with 1 members",WP-I11-011 retains 1 requirements whose Pass A reviews and Codebase evidence support the current boundary.,PASS_B_INDEPENDENT_EVIDENCE_REVIEWER,2026-08-06-pass-b-v2,VERIFIED
WP-I11-012,WP-I11-012,KEEP_VERIFIED,KEEP_VERIFIED,"requirements.csv, requirement-mapping.csv, reviewed-actionable-requirements-v3.csv, work-packages.json inspected for WP-I11-012 with 1 members",WP-I11-012 retains 1 requirements whose Pass A reviews and Codebase evidence support the current boundary.,PASS_B_INDEPENDENT_EVIDENCE_REVIEWER,2026-08-06-pass-b-v2,VERIFIED
WP-I12-001,WP-I12-001,KEEP_VERIFIED,KEEP_VERIFIED,"requirements.csv, requirement-mapping.csv, reviewed-actionable-requirements-v3.csv, work-packages.json inspected for WP-I12-001 with 5 members",WP-I12-001 retains 5 requirements whose Pass A reviews and Codebase evidence support the current boundary.,PASS_B_INDEPENDENT_EVIDENCE_REVIEWER,2026-08-06-pass-b-v2,VERIFIED
WP-I12-004,WP-I12-004,KEEP_VERIFIED,KEEP_VERIFIED,"requirements.csv, requirement-mapping.csv, reviewed-actionable-requirements-v3.csv, work-packages.json inspected for WP-I12-004 with 7 members",WP-I12-004 retains 7 requirements whose Pass A reviews and Codebase evidence support the current boundary.,PASS_B_INDEPENDENT_EVIDENCE_REVIEWER,2026-08-06-pass-b-v2,VERIFIED
WP-I12-005,WP-I12-005,KEEP_VERIFIED,KEEP_VERIFIED,"requirements.csv, requirement-mapping.csv, reviewed-actionable-requirements-v3.csv, work-packages.json inspected for WP-I12-005 with 2 members",WP-I12-005 retains 2 requirements whose Pass A reviews and Codebase evidence support the current boundary.,PASS_B_INDEPENDENT_EVIDENCE_REVIEWER,2026-08-06-pass-b-v2,VERIFIED
WP-I12-006,WP-I12-006,KEEP_VERIFIED,KEEP_VERIFIED,"requirements.csv, requirement-mapping.csv, reviewed-actionable-requirements-v3.csv, work-packages.json inspected for WP-I12-006 with 16 members",WP-I12-006 retains 16 requirements whose Pass A reviews and Codebase evidence support the current boundary.,PASS_B_INDEPENDENT_EVIDENCE_REVIEWER,2026-08-06-pass-b-v2,VERIFIED
WP-I12-007,WP-I12-007,KEEP_VERIFIED,KEEP_VERIFIED,"requirements.csv, requirement-mapping.csv, reviewed-actionable-requirements-v3.csv, work-packages.json inspected for WP-I12-007 with 1 members",WP-I12-007 retains 1 requirements whose Pass A reviews and Codebase evidence support the current boundary.,PASS_B_INDEPENDENT_EVIDENCE_REVIEWER,2026-08-06-pass-b-v2,VERIFIED
WP-I12-008,WP-I12-008,KEEP_VERIFIED,KEEP_VERIFIED,"requirements.csv, requirement-mapping.csv, reviewed-actionable-requirements-v3.csv, work-packages.json inspected for WP-I12-008 with 2 members",WP-I12-008 retains 2 requirements whose Pass A reviews and Codebase evidence support the current boundary.,PASS_B_INDEPENDENT_EVIDENCE_REVIEWER,2026-08-06-pass-b-v2,VERIFIED
WP-I12-009,WP-I12-009,KEEP_VERIFIED,KEEP_VERIFIED,"requirements.csv, requirement-mapping.csv, reviewed-actionable-requirements-v3.csv, work-packages.json inspected for WP-I12-009 with 3 members",WP-I12-009 retains 3 requirements whose Pass A reviews and Codebase evidence support the current boundary.,PASS_B_INDEPENDENT_EVIDENCE_REVIEWER,2026-08-06-pass-b-v2,VERIFIED
WP-I13-001,WP-I13-001,KEEP_VERIFIED,KEEP_VERIFIED,"requirements.csv, requirement-mapping.csv, reviewed-actionable-requirements-v3.csv, work-packages.json inspected for WP-I13-001 with 5 members",WP-I13-001 retains 5 requirements whose Pass A reviews and Codebase evidence support the current boundary.,PASS_B_INDEPENDENT_EVIDENCE_REVIEWER,2026-08-06-pass-b-v2,VERIFIED
WP-I13-002,WP-I13-002,KEEP_VERIFIED,KEEP_VERIFIED,"requirements.csv, requirement-mapping.csv, reviewed-actionable-requirements-v3.csv, work-packages.json inspected for WP-I13-002 with 1 members",WP-I13-002 retains 1 requirements whose Pass A reviews and Codebase evidence support the current boundary.,PASS_B_INDEPENDENT_EVIDENCE_REVIEWER,2026-08-06-pass-b-v2,VERIFIED
WP-I13-003,WP-I13-003,KEEP_VERIFIED,KEEP_VERIFIED,"requirements.csv, requirement-mapping.csv, reviewed-actionable-requirements-v3.csv, work-packages.json inspected for WP-I13-003 with 1 members",WP-I13-003 retains 1 requirements whose Pass A reviews and Codebase evidence support the current boundary.,PASS_B_INDEPENDENT_EVIDENCE_REVIEWER,2026-08-06-pass-b-v2,VERIFIED
WP-I13-005,WP-I13-005,KEEP_VERIFIED,KEEP_VERIFIED,"requirements.csv, requirement-mapping.csv, reviewed-actionable-requirements-v3.csv, work-packages.json inspected for WP-I13-005 with 0 members",WP-I13-005 retains 0 requirements whose Pass A reviews and Codebase evidence support the current boundary.,PASS_B_INDEPENDENT_EVIDENCE_REVIEWER,2026-08-06-pass-b-v2,VERIFIED
WP-I13-006,WP-I13-006,KEEP_VERIFIED,KEEP_VERIFIED,"requirements.csv, requirement-mapping.csv, reviewed-actionable-requirements-v3.csv, work-packages.json inspected for WP-I13-006 with 12 members",WP-I13-006 retains 12 requirements whose Pass A reviews and Codebase evidence support the current boundary.,PASS_B_INDEPENDENT_EVIDENCE_REVIEWER,2026-08-06-pass-b-v2,VERIFIED
WP-I13-008,WP-I13-008,KEEP_VERIFIED,KEEP_VERIFIED,"requirements.csv, requirement-mapping.csv, reviewed-actionable-requirements-v3.csv, work-packages.json inspected for WP-I13-008 with 1 members",WP-I13-008 retains 1 requirements whose Pass A reviews and Codebase evidence support the current boundary.,PASS_B_INDEPENDENT_EVIDENCE_REVIEWER,2026-08-06-pass-b-v2,VERIFIED
WP-I13-009,WP-I13-009,KEEP_VERIFIED,KEEP_VERIFIED,"requirements.csv, requirement-mapping.csv, reviewed-actionable-requirements-v3.csv, work-packages.json inspected for WP-I13-009 with 3 members",WP-I13-009 retains 3 requirements whose Pass A reviews and Codebase evidence support the current boundary.,PASS_B_INDEPENDENT_EVIDENCE_REVIEWER,2026-08-06-pass-b-v2,VERIFIED
WP-I13-010,WP-I13-010,KEEP_VERIFIED,KEEP_VERIFIED,"requirements.csv, requirement-mapping.csv, reviewed-actionable-requirements-v3.csv, work-packages.json inspected for WP-I13-010 with 1 members",WP-I13-010 retains 1 requirements whose Pass A reviews and Codebase evidence support the current boundary.,PASS_B_INDEPENDENT_EVIDENCE_REVIEWER,2026-08-06-pass-b-v2,VERIFIED
WP-I13-011,WP-I13-011,KEEP_VERIFIED,KEEP_VERIFIED,"requirements.csv, requirement-mapping.csv, reviewed-actionable-requirements-v3.csv, work-packages.json inspected for WP-I13-011 with 9 members",WP-I13-011 retains 9 requirements whose Pass A reviews and Codebase evidence support the current boundary.,PASS_B_INDEPENDENT_EVIDENCE_REVIEWER,2026-08-06-pass-b-v2,VERIFIED
WP-I14-001,WP-I14-001,KEEP_VERIFIED,KEEP_VERIFIED,"requirements.csv, requirement-mapping.csv, reviewed-actionable-requirements-v3.csv, work-packages.json inspected for WP-I14-001 with 2 members",WP-I14-001 retains 2 requirements whose Pass A reviews and Codebase evidence support the current boundary.,PASS_B_INDEPENDENT_EVIDENCE_REVIEWER,2026-08-06-pass-b-v2,VERIFIED
WP-I14-003,WP-I14-003,KEEP_VERIFIED,KEEP_VERIFIED,"requirements.csv, requirement-mapping.csv, reviewed-actionable-requirements-v3.csv, work-packages.json inspected for WP-I14-003 with 5 members",WP-I14-003 retains 5 requirements whose Pass A reviews and Codebase evidence support the current boundary.,PASS_B_INDEPENDENT_EVIDENCE_REVIEWER,2026-08-06-pass-b-v2,VERIFIED
WP-I14-004,WP-I14-004,KEEP_VERIFIED,KEEP_VERIFIED,"requirements.csv, requirement-mapping.csv, reviewed-actionable-requirements-v3.csv, work-packages.json inspected for WP-I14-004 with 1 members",WP-I14-004 retains 1 requirements whose Pass A reviews and Codebase evidence support the current boundary.,PASS_B_INDEPENDENT_EVIDENCE_REVIEWER,2026-08-06-pass-b-v2,VERIFIED
WP-I14-005,WP-I14-005,KEEP_VERIFIED,KEEP_VERIFIED,"requirements.csv, requirement-mapping.csv, reviewed-actionable-requirements-v3.csv, work-packages.json inspected for WP-I14-005 with 3 members",WP-I14-005 retains 3 requirements whose Pass A reviews and Codebase evidence support the current boundary.,PASS_B_INDEPENDENT_EVIDENCE_REVIEWER,2026-08-06-pass-b-v2,VERIFIED
WP-I14-009,WP-I14-009,KEEP_VERIFIED,KEEP_VERIFIED,"requirements.csv, requirement-mapping.csv, reviewed-actionable-requirements-v3.csv, work-packages.json inspected for WP-I14-009 with 2 members",WP-I14-009 retains 2 requirements whose Pass A reviews and Codebase evidence support the current boundary.,PASS_B_INDEPENDENT_EVIDENCE_REVIEWER,2026-08-06-pass-b-v2,VERIFIED
WP-I14-010,WP-I14-010,KEEP_VERIFIED,KEEP_VERIFIED,"requirements.csv, requirement-mapping.csv, reviewed-actionable-requirements-v3.csv, work-packages.json inspected for WP-I14-010 with 1 members",WP-I14-010 retains 1 requirements whose Pass A reviews and Codebase evidence support the current boundary.,PASS_B_INDEPENDENT_EVIDENCE_REVIEWER,2026-08-06-pass-b-v2,VERIFIED
WP-I14-011,WP-I14-011,KEEP_VERIFIED,KEEP_VERIFIED,"requirements.csv, requirement-mapping.csv, reviewed-actionable-requirements-v3.csv, work-packages.json inspected for WP-I14-011 with 1 members",WP-I14-011 retains 1 requirements whose Pass A reviews and Codebase evidence support the current boundary.,PASS_B_INDEPENDENT_EVIDENCE_REVIEWER,2026-08-06-pass-b-v2,VERIFIED
WP-I14-012,WP-I14-012,KEEP_VERIFIED,KEEP_VERIFIED,"requirements.csv, requirement-mapping.csv, reviewed-actionable-requirements-v3.csv, work-packages.json inspected for WP-I14-012 with 2 members",WP-I14-012 retains 2 requirements whose Pass A reviews and Codebase evidence support the current boundary.,PASS_B_INDEPENDENT_EVIDENCE_REVIEWER,2026-08-06-pass-b-v2,VERIFIED
WP-I14-013,WP-I14-013,KEEP_VERIFIED,KEEP_VERIFIED,"requirements.csv, requirement-mapping.csv, reviewed-actionable-requirements-v3.csv, work-packages.json inspected for WP-I14-013 with 4 members",WP-I14-013 retains 4 requirements whose Pass A reviews and Codebase evidence support the current boundary.,PASS_B_INDEPENDENT_EVIDENCE_REVIEWER,2026-08-06-pass-b-v2,VERIFIED
WP-I14-014,WP-I14-014,KEEP_VERIFIED,KEEP_VERIFIED,"requirements.csv, requirement-mapping.csv, reviewed-actionable-requirements-v3.csv, work-packages.json inspected for WP-I14-014 with 1 members",WP-I14-014 retains 1 requirements whose Pass A reviews and Codebase evidence support the current boundary.,PASS_B_INDEPENDENT_EVIDENCE_REVIEWER,2026-08-06-pass-b-v2,VERIFIED
WP-I15-001,WP-I15-001,KEEP_VERIFIED,KEEP_VERIFIED,"requirements.csv, requirement-mapping.csv, reviewed-actionable-requirements-v3.csv, work-packages.json inspected for WP-I15-001 with 1 members",WP-I15-001 retains 1 requirements whose Pass A reviews and Codebase evidence support the current boundary.,PASS_B_INDEPENDENT_EVIDENCE_REVIEWER,2026-08-06-pass-b-v2,VERIFIED
WP-I15-005,WP-I15-005,KEEP_VERIFIED,KEEP_VERIFIED,"requirements.csv, requirement-mapping.csv, reviewed-actionable-requirements-v3.csv, work-packages.json inspected for WP-I15-005 with 1 members",WP-I15-005 retains 1 requirements whose Pass A reviews and Codebase evidence support the current boundary.,PASS_B_INDEPENDENT_EVIDENCE_REVIEWER,2026-08-06-pass-b-v2,VERIFIED
WP-I15-006,WP-I15-006,KEEP_VERIFIED,KEEP_VERIFIED,"requirements.csv, requirement-mapping.csv, reviewed-actionable-requirements-v3.csv, work-packages.json inspected for WP-I15-006 with 1 members",WP-I15-006 retains 1 requirements whose Pass A reviews and Codebase evidence support the current boundary.,PASS_B_INDEPENDENT_EVIDENCE_REVIEWER,2026-08-06-pass-b-v2,VERIFIED
WP-I15-007,WP-I15-007,KEEP_VERIFIED,KEEP_VERIFIED,"requirements.csv, requirement-mapping.csv, reviewed-actionable-requirements-v3.csv, work-packages.json inspected for WP-I15-007 with 1 members",WP-I15-007 retains 1 requirements whose Pass A reviews and Codebase evidence support the current boundary.,PASS_B_INDEPENDENT_EVIDENCE_REVIEWER,2026-08-06-pass-b-v2,VERIFIED
WP-I15-008,WP-I15-008,KEEP_VERIFIED,KEEP_VERIFIED,"requirements.csv, requirement-mapping.csv, reviewed-actionable-requirements-v3.csv, work-packages.json inspected for WP-I15-008 with 1 members",WP-I15-008 retains 1 requirements whose Pass A reviews and Codebase evidence support the current boundary.,PASS_B_INDEPENDENT_EVIDENCE_REVIEWER,2026-08-06-pass-b-v2,VERIFIED
WP-I15-014,WP-I15-014,KEEP_VERIFIED,KEEP_VERIFIED,"requirements.csv, requirement-mapping.csv, reviewed-actionable-requirements-v3.csv, work-packages.json inspected for WP-I15-014 with 2 members",WP-I15-014 retains 2 requirements whose Pass A reviews and Codebase evidence support the current boundary.,PASS_B_INDEPENDENT_EVIDENCE_REVIEWER,2026-08-06-pass-b-v2,VERIFIED
WP-I15-015,WP-I15-015,KEEP_VERIFIED,KEEP_VERIFIED,"requirements.csv, requirement-mapping.csv, reviewed-actionable-requirements-v3.csv, work-packages.json inspected for WP-I15-015 with 3 members",WP-I15-015 retains 3 requirements whose Pass A reviews and Codebase evidence support the current boundary.,PASS_B_INDEPENDENT_EVIDENCE_REVIEWER,2026-08-06-pass-b-v2,VERIFIED
WP-I2-001,WP-I2-001,KEEP_VERIFIED,KEEP_VERIFIED,"requirements.csv, requirement-mapping.csv, reviewed-actionable-requirements-v3.csv, work-packages.json inspected for WP-I2-001 with 2 members",WP-I2-001 retains 2 requirements whose Pass A reviews and Codebase evidence support the current boundary.,PASS_B_INDEPENDENT_EVIDENCE_REVIEWER,2026-08-06-pass-b-v2,VERIFIED
WP-I2-002,WP-I2-002,KEEP_VERIFIED,KEEP_VERIFIED,"requirements.csv, requirement-mapping.csv, reviewed-actionable-requirements-v3.csv, work-packages.json inspected for WP-I2-002 with 0 members",WP-I2-002 retains 0 requirements whose Pass A reviews and Codebase evidence support the current boundary.,PASS_B_INDEPENDENT_EVIDENCE_REVIEWER,2026-08-06-pass-b-v2,VERIFIED
WP-I2-003,WP-I2-003,KEEP_VERIFIED,KEEP_VERIFIED,"requirements.csv, requirement-mapping.csv, reviewed-actionable-requirements-v3.csv, work-packages.json inspected for WP-I2-003 with 0 members",WP-I2-003 retains 0 requirements whose Pass A reviews and Codebase evidence support the current boundary.,PASS_B_INDEPENDENT_EVIDENCE_REVIEWER,2026-08-06-pass-b-v2,VERIFIED
WP-I2-004,WP-I2-004,KEEP_VERIFIED,KEEP_VERIFIED,"requirements.csv, requirement-mapping.csv, reviewed-actionable-requirements-v3.csv, work-packages.json inspected for WP-I2-004 with 0 members",WP-I2-004 retains 0 requirements whose Pass A reviews and Codebase evidence support the current boundary.,PASS_B_INDEPENDENT_EVIDENCE_REVIEWER,2026-08-06-pass-b-v2,VERIFIED
WP-I2-005,WP-I2-005,KEEP_VERIFIED,KEEP_VERIFIED,"requirements.csv, requirement-mapping.csv, reviewed-actionable-requirements-v3.csv, work-packages.json inspected for WP-I2-005 with 0 members",WP-I2-005 retains 0 requirements whose Pass A reviews and Codebase evidence support the current boundary.,PASS_B_INDEPENDENT_EVIDENCE_REVIEWER,2026-08-06-pass-b-v2,VERIFIED
WP-I2-007,WP-I2-007,KEEP_VERIFIED,KEEP_VERIFIED,"requirements.csv, requirement-mapping.csv, reviewed-actionable-requirements-v3.csv, work-packages.json inspected for WP-I2-007 with 1 members",WP-I2-007 retains 1 requirements whose Pass A reviews and Codebase evidence support the current boundary.,PASS_B_INDEPENDENT_EVIDENCE_REVIEWER,2026-08-06-pass-b-v2,VERIFIED
WP-I2-008,WP-I2-008,KEEP_VERIFIED,KEEP_VERIFIED,"requirements.csv, requirement-mapping.csv, reviewed-actionable-requirements-v3.csv, work-packages.json inspected for WP-I2-008 with 0 members",WP-I2-008 retains 0 requirements whose Pass A reviews and Codebase evidence support the current boundary.,PASS_B_INDEPENDENT_EVIDENCE_REVIEWER,2026-08-06-pass-b-v2,VERIFIED
WP-I2-011,WP-I2-011,KEEP_VERIFIED,KEEP_VERIFIED,"requirements.csv, requirement-mapping.csv, reviewed-actionable-requirements-v3.csv, work-packages.json inspected for WP-I2-011 with 1 members",WP-I2-011 retains 1 requirements whose Pass A reviews and Codebase evidence support the current boundary.,PASS_B_INDEPENDENT_EVIDENCE_REVIEWER,2026-08-06-pass-b-v2,VERIFIED
WP-I2-013,WP-I2-013,KEEP_VERIFIED,KEEP_VERIFIED,"requirements.csv, requirement-mapping.csv, reviewed-actionable-requirements-v3.csv, work-packages.json inspected for WP-I2-013 with 2 members",WP-I2-013 retains 2 requirements whose Pass A reviews and Codebase evidence support the current boundary.,PASS_B_INDEPENDENT_EVIDENCE_REVIEWER,2026-08-06-pass-b-v2,VERIFIED
WP-I3-001,WP-I3-001,KEEP_VERIFIED,KEEP_VERIFIED,"requirements.csv, requirement-mapping.csv, reviewed-actionable-requirements-v3.csv, work-packages.json inspected for WP-I3-001 with 31 members",WP-I3-001 retains 31 requirements whose Pass A reviews and Codebase evidence support the current boundary.,PASS_B_INDEPENDENT_EVIDENCE_REVIEWER,2026-08-06-pass-b-v2,VERIFIED
WP-I3-002,WP-I3-002,KEEP_VERIFIED,KEEP_VERIFIED,"requirements.csv, requirement-mapping.csv, reviewed-actionable-requirements-v3.csv, work-packages.json inspected for WP-I3-002 with 13 members",WP-I3-002 retains 13 requirements whose Pass A reviews and Codebase evidence support the current boundary.,PASS_B_INDEPENDENT_EVIDENCE_REVIEWER,2026-08-06-pass-b-v2,VERIFIED
WP-I3-003,WP-I3-003,KEEP_VERIFIED,KEEP_VERIFIED,"requirements.csv, requirement-mapping.csv, reviewed-actionable-requirements-v3.csv, work-packages.json inspected for WP-I3-003 with 1 members",WP-I3-003 retains 1 requirements whose Pass A reviews and Codebase evidence support the current boundary.,PASS_B_INDEPENDENT_EVIDENCE_REVIEWER,2026-08-06-pass-b-v2,VERIFIED
WP-I3-004,WP-I3-004,KEEP_VERIFIED,KEEP_VERIFIED,"requirements.csv, requirement-mapping.csv, reviewed-actionable-requirements-v3.csv, work-packages.json inspected for WP-I3-004 with 1 members",WP-I3-004 retains 1 requirements whose Pass A reviews and Codebase evidence support the current boundary.,PASS_B_INDEPENDENT_EVIDENCE_REVIEWER,2026-08-06-pass-b-v2,VERIFIED
WP-I3-005,WP-I3-005,KEEP_VERIFIED,KEEP_VERIFIED,"requirements.csv, requirement-mapping.csv, reviewed-actionable-requirements-v3.csv, work-packages.json inspected for WP-I3-005 with 2 members",WP-I3-005 retains 2 requirements whose Pass A reviews and Codebase evidence support the current boundary.,PASS_B_INDEPENDENT_EVIDENCE_REVIEWER,2026-08-06-pass-b-v2,VERIFIED
WP-I3-006,WP-I3-006,KEEP_VERIFIED,KEEP_VERIFIED,"requirements.csv, requirement-mapping.csv, reviewed-actionable-requirements-v3.csv, work-packages.json inspected for WP-I3-006 with 3 members",WP-I3-006 retains 3 requirements whose Pass A reviews and Codebase evidence support the current boundary.,PASS_B_INDEPENDENT_EVIDENCE_REVIEWER,2026-08-06-pass-b-v2,VERIFIED
WP-I3-007,WP-I3-007,KEEP_VERIFIED,KEEP_VERIFIED,"requirements.csv, requirement-mapping.csv, reviewed-actionable-requirements-v3.csv, work-packages.json inspected for WP-I3-007 with 0 members",WP-I3-007 retains 0 requirements whose Pass A reviews and Codebase evidence support the current boundary.,PASS_B_INDEPENDENT_EVIDENCE_REVIEWER,2026-08-06-pass-b-v2,VERIFIED
WP-I3-008,WP-I3-008,KEEP_VERIFIED,KEEP_VERIFIED,"requirements.csv, requirement-mapping.csv, reviewed-actionable-requirements-v3.csv, work-packages.json inspected for WP-I3-008 with 9 members",WP-I3-008 retains 9 requirements whose Pass A reviews and Codebase evidence support the current boundary.,PASS_B_INDEPENDENT_EVIDENCE_REVIEWER,2026-08-06-pass-b-v2,VERIFIED
WP-I3-009,WP-I3-009,KEEP_VERIFIED,KEEP_VERIFIED,"requirements.csv, requirement-mapping.csv, reviewed-actionable-requirements-v3.csv, work-packages.json inspected for WP-I3-009 with 9 members",WP-I3-009 retains 9 requirements whose Pass A reviews and Codebase evidence support the current boundary.,PASS_B_INDEPENDENT_EVIDENCE_REVIEWER,2026-08-06-pass-b-v2,VERIFIED
WP-I3-010,WP-I3-010,KEEP_VERIFIED,KEEP_VERIFIED,"requirements.csv, requirement-mapping.csv, reviewed-actionable-requirements-v3.csv, work-packages.json inspected for WP-I3-010 with 4 members",WP-I3-010 retains 4 requirements whose Pass A reviews and Codebase evidence support the current boundary.,PASS_B_INDEPENDENT_EVIDENCE_REVIEWER,2026-08-06-pass-b-v2,VERIFIED
WP-I3-011,WP-I3-011,KEEP_VERIFIED,KEEP_VERIFIED,"requirements.csv, requirement-mapping.csv, reviewed-actionable-requirements-v3.csv, work-packages.json inspected for WP-I3-011 with 11 members",WP-I3-011 retains 11 requirements whose Pass A reviews and Codebase evidence support the current boundary.,PASS_B_INDEPENDENT_EVIDENCE_REVIEWER,2026-08-06-pass-b-v2,VERIFIED
WP-I3-012,WP-I3-012,KEEP_VERIFIED,KEEP_VERIFIED,"requirements.csv, requirement-mapping.csv, reviewed-actionable-requirements-v3.csv, work-packages.json inspected for WP-I3-012 with 2 members",WP-I3-012 retains 2 requirements whose Pass A reviews and Codebase evidence support the current boundary.,PASS_B_INDEPENDENT_EVIDENCE_REVIEWER,2026-08-06-pass-b-v2,VERIFIED
WP-I3-014,WP-I3-014,KEEP_VERIFIED,KEEP_VERIFIED,"requirements.csv, requirement-mapping.csv, reviewed-actionable-requirements-v3.csv, work-packages.json inspected for WP-I3-014 with 2 members",WP-I3-014 retains 2 requirements whose Pass A reviews and Codebase evidence support the current boundary.,PASS_B_INDEPENDENT_EVIDENCE_REVIEWER,2026-08-06-pass-b-v2,VERIFIED
WP-I3-015,WP-I3-015,KEEP_VERIFIED,KEEP_VERIFIED,"requirements.csv, requirement-mapping.csv, reviewed-actionable-requirements-v3.csv, work-packages.json inspected for WP-I3-015 with 3 members",WP-I3-015 retains 3 requirements whose Pass A reviews and Codebase evidence support the current boundary.,PASS_B_INDEPENDENT_EVIDENCE_REVIEWER,2026-08-06-pass-b-v2,VERIFIED
WP-I3-016,WP-I3-016,KEEP_VERIFIED,KEEP_VERIFIED,"requirements.csv, requirement-mapping.csv, reviewed-actionable-requirements-v3.csv, work-packages.json inspected for WP-I3-016 with 2 members",WP-I3-016 retains 2 requirements whose Pass A reviews and Codebase evidence support the current boundary.,PASS_B_INDEPENDENT_EVIDENCE_REVIEWER,2026-08-06-pass-b-v2,VERIFIED
WP-I4-001,WP-I4-001,KEEP_VERIFIED,KEEP_VERIFIED,"requirements.csv, requirement-mapping.csv, reviewed-actionable-requirements-v3.csv, work-packages.json inspected for WP-I4-001 with 17 members",WP-I4-001 retains 17 requirements whose Pass A reviews and Codebase evidence support the current boundary.,PASS_B_INDEPENDENT_EVIDENCE_REVIEWER,2026-08-06-pass-b-v2,VERIFIED
WP-I4-002,WP-I4-002,KEEP_VERIFIED,KEEP_VERIFIED,"requirements.csv, requirement-mapping.csv, reviewed-actionable-requirements-v3.csv, work-packages.json inspected for WP-I4-002 with 5 members",WP-I4-002 retains 5 requirements whose Pass A reviews and Codebase evidence support the current boundary.,PASS_B_INDEPENDENT_EVIDENCE_REVIEWER,2026-08-06-pass-b-v2,VERIFIED
WP-I4-003,WP-I4-003,KEEP_VERIFIED,KEEP_VERIFIED,"requirements.csv, requirement-mapping.csv, reviewed-actionable-requirements-v3.csv, work-packages.json inspected for WP-I4-003 with 3 members",WP-I4-003 retains 3 requirements whose Pass A reviews and Codebase evidence support the current boundary.,PASS_B_INDEPENDENT_EVIDENCE_REVIEWER,2026-08-06-pass-b-v2,VERIFIED
WP-I4-004,WP-I4-004,KEEP_VERIFIED,KEEP_VERIFIED,"requirements.csv, requirement-mapping.csv, reviewed-actionable-requirements-v3.csv, work-packages.json inspected for WP-I4-004 with 0 members",WP-I4-004 retains 0 requirements whose Pass A reviews and Codebase evidence support the current boundary.,PASS_B_INDEPENDENT_EVIDENCE_REVIEWER,2026-08-06-pass-b-v2,VERIFIED
WP-I4-005,WP-I4-005,KEEP_VERIFIED,KEEP_VERIFIED,"requirements.csv, requirement-mapping.csv, reviewed-actionable-requirements-v3.csv, work-packages.json inspected for WP-I4-005 with 1 members",WP-I4-005 retains 1 requirements whose Pass A reviews and Codebase evidence support the current boundary.,PASS_B_INDEPENDENT_EVIDENCE_REVIEWER,2026-08-06-pass-b-v2,VERIFIED
WP-I4-006,WP-I4-006,KEEP_VERIFIED,KEEP_VERIFIED,"requirements.csv, requirement-mapping.csv, reviewed-actionable-requirements-v3.csv, work-packages.json inspected for WP-I4-006 with 3 members",WP-I4-006 retains 3 requirements whose Pass A reviews and Codebase evidence support the current boundary.,PASS_B_INDEPENDENT_EVIDENCE_REVIEWER,2026-08-06-pass-b-v2,VERIFIED
WP-I4-007,WP-I4-007,KEEP_VERIFIED,KEEP_VERIFIED,"requirements.csv, requirement-mapping.csv, reviewed-actionable-requirements-v3.csv, work-packages.json inspected for WP-I4-007 with 2 members",WP-I4-007 retains 2 requirements whose Pass A reviews and Codebase evidence support the current boundary.,PASS_B_INDEPENDENT_EVIDENCE_REVIEWER,2026-08-06-pass-b-v2,VERIFIED
WP-I4-008,WP-I4-008,KEEP_VERIFIED,KEEP_VERIFIED,"requirements.csv, requirement-mapping.csv, reviewed-actionable-requirements-v3.csv, work-packages.json inspected for WP-I4-008 with 11 members",WP-I4-008 retains 11 requirements whose Pass A reviews and Codebase evidence support the current boundary.,PASS_B_INDEPENDENT_EVIDENCE_REVIEWER,2026-08-06-pass-b-v2,VERIFIED
WP-I4-009,WP-I4-009,KEEP_VERIFIED,KEEP_VERIFIED,"requirements.csv, requirement-mapping.csv, reviewed-actionable-requirements-v3.csv, work-packages.json inspected for WP-I4-009 with 1 members",WP-I4-009 retains 1 requirements whose Pass A reviews and Codebase evidence support the current boundary.,PASS_B_INDEPENDENT_EVIDENCE_REVIEWER,2026-08-06-pass-b-v2,VERIFIED
WP-I4-010,WP-I4-010,KEEP_VERIFIED,KEEP_VERIFIED,"requirements.csv, requirement-mapping.csv, reviewed-actionable-requirements-v3.csv, work-packages.json inspected for WP-I4-010 with 14 members",WP-I4-010 retains 14 requirements whose Pass A reviews and Codebase evidence support the current boundary.,PASS_B_INDEPENDENT_EVIDENCE_REVIEWER,2026-08-06-pass-b-v2,VERIFIED
WP-I4-011,WP-I4-011,KEEP_VERIFIED,KEEP_VERIFIED,"requirements.csv, requirement-mapping.csv, reviewed-actionable-requirements-v3.csv, work-packages.json inspected for WP-I4-011 with 2 members",WP-I4-011 retains 2 requirements whose Pass A reviews and Codebase evidence support the current boundary.,PASS_B_INDEPENDENT_EVIDENCE_REVIEWER,2026-08-06-pass-b-v2,VERIFIED
WP-I4-012,WP-I4-012,KEEP_VERIFIED,KEEP_VERIFIED,"requirements.csv, requirement-mapping.csv, reviewed-actionable-requirements-v3.csv, work-packages.json inspected for WP-I4-012 with 1 members",WP-I4-012 retains 1 requirements whose Pass A reviews and Codebase evidence support the current boundary.,PASS_B_INDEPENDENT_EVIDENCE_REVIEWER,2026-08-06-pass-b-v2,VERIFIED
WP-I5-001,WP-I5-001,KEEP_VERIFIED,KEEP_VERIFIED,"requirements.csv, requirement-mapping.csv, reviewed-actionable-requirements-v3.csv, work-packages.json inspected for WP-I5-001 with 3 members",WP-I5-001 retains 3 requirements whose Pass A reviews and Codebase evidence support the current boundary.,PASS_B_INDEPENDENT_EVIDENCE_REVIEWER,2026-08-06-pass-b-v2,VERIFIED
WP-I5-002,WP-I5-002,KEEP_VERIFIED,KEEP_VERIFIED,"requirements.csv, requirement-mapping.csv, reviewed-actionable-requirements-v3.csv, work-packages.json inspected for WP-I5-002 with 7 members",WP-I5-002 retains 7 requirements whose Pass A reviews and Codebase evidence support the current boundary.,PASS_B_INDEPENDENT_EVIDENCE_REVIEWER,2026-08-06-pass-b-v2,VERIFIED
WP-I5-003,WP-I5-003,KEEP_VERIFIED,KEEP_VERIFIED,"requirements.csv, requirement-mapping.csv, reviewed-actionable-requirements-v3.csv, work-packages.json inspected for WP-I5-003 with 7 members",WP-I5-003 retains 7 requirements whose Pass A reviews and Codebase evidence support the current boundary.,PASS_B_INDEPENDENT_EVIDENCE_REVIEWER,2026-08-06-pass-b-v2,VERIFIED
WP-I5-004,WP-I5-004,KEEP_VERIFIED,KEEP_VERIFIED,"requirements.csv, requirement-mapping.csv, reviewed-actionable-requirements-v3.csv, work-packages.json inspected for WP-I5-004 with 6 members",WP-I5-004 retains 6 requirements whose Pass A reviews and Codebase evidence support the current boundary.,PASS_B_INDEPENDENT_EVIDENCE_REVIEWER,2026-08-06-pass-b-v2,VERIFIED
WP-I5-005,WP-I5-005,KEEP_VERIFIED,KEEP_VERIFIED,"requirements.csv, requirement-mapping.csv, reviewed-actionable-requirements-v3.csv, work-packages.json inspected for WP-I5-005 with 3 members",WP-I5-005 retains 3 requirements whose Pass A reviews and Codebase evidence support the current boundary.,PASS_B_INDEPENDENT_EVIDENCE_REVIEWER,2026-08-06-pass-b-v2,VERIFIED
WP-I5-006,WP-I5-006,KEEP_VERIFIED,KEEP_VERIFIED,"requirements.csv, requirement-mapping.csv, reviewed-actionable-requirements-v3.csv, work-packages.json inspected for WP-I5-006 with 15 members",WP-I5-006 retains 15 requirements whose Pass A reviews and Codebase evidence support the current boundary.,PASS_B_INDEPENDENT_EVIDENCE_REVIEWER,2026-08-06-pass-b-v2,VERIFIED
WP-I5-007,WP-I5-007,KEEP_VERIFIED,KEEP_VERIFIED,"requirements.csv, requirement-mapping.csv, reviewed-actionable-requirements-v3.csv, work-packages.json inspected for WP-I5-007 with 14 members",WP-I5-007 retains 14 requirements whose Pass A reviews and Codebase evidence support the current boundary.,PASS_B_INDEPENDENT_EVIDENCE_REVIEWER,2026-08-06-pass-b-v2,VERIFIED
WP-I5-008,WP-I5-008,KEEP_VERIFIED,KEEP_VERIFIED,"requirements.csv, requirement-mapping.csv, reviewed-actionable-requirements-v3.csv, work-packages.json inspected for WP-I5-008 with 15 members",WP-I5-008 retains 15 requirements whose Pass A reviews and Codebase evidence support the current boundary.,PASS_B_INDEPENDENT_EVIDENCE_REVIEWER,2026-08-06-pass-b-v2,VERIFIED
WP-I5-010,WP-I5-010,KEEP_VERIFIED,KEEP_VERIFIED,"requirements.csv, requirement-mapping.csv, reviewed-actionable-requirements-v3.csv, work-packages.json inspected for WP-I5-010 with 17 members",WP-I5-010 retains 17 requirements whose Pass A reviews and Codebase evidence support the current boundary.,PASS_B_INDEPENDENT_EVIDENCE_REVIEWER,2026-08-06-pass-b-v2,VERIFIED
WP-I5-011,WP-I5-011,KEEP_VERIFIED,KEEP_VERIFIED,"requirements.csv, requirement-mapping.csv, reviewed-actionable-requirements-v3.csv, work-packages.json inspected for WP-I5-011 with 1 members",WP-I5-011 retains 1 requirements whose Pass A reviews and Codebase evidence support the current boundary.,PASS_B_INDEPENDENT_EVIDENCE_REVIEWER,2026-08-06-pass-b-v2,VERIFIED
WP-I5-012,WP-I5-012,KEEP_VERIFIED,KEEP_VERIFIED,"requirements.csv, requirement-mapping.csv, reviewed-actionable-requirements-v3.csv, work-packages.json inspected for WP-I5-012 with 1 members",WP-I5-012 retains 1 requirements whose Pass A reviews and Codebase evidence support the current boundary.,PASS_B_INDEPENDENT_EVIDENCE_REVIEWER,2026-08-06-pass-b-v2,VERIFIED
WP-I5-013,WP-I5-013,KEEP_VERIFIED,KEEP_VERIFIED,"requirements.csv, requirement-mapping.csv, reviewed-actionable-requirements-v3.csv, work-packages.json inspected for WP-I5-013 with 10 members",WP-I5-013 retains 10 requirements whose Pass A reviews and Codebase evidence support the current boundary.,PASS_B_INDEPENDENT_EVIDENCE_REVIEWER,2026-08-06-pass-b-v2,VERIFIED
WP-I5-014,WP-I5-014,KEEP_VERIFIED,KEEP_VERIFIED,"requirements.csv, requirement-mapping.csv, reviewed-actionable-requirements-v3.csv, work-packages.json inspected for WP-I5-014 with 4 members",WP-I5-014 retains 4 requirements whose Pass A reviews and Codebase evidence support the current boundary.,PASS_B_INDEPENDENT_EVIDENCE_REVIEWER,2026-08-06-pass-b-v2,VERIFIED
WP-I5-015,WP-I5-015,KEEP_VERIFIED,KEEP_VERIFIED,"requirements.csv, requirement-mapping.csv, reviewed-actionable-requirements-v3.csv, work-packages.json inspected for WP-I5-015 with 4 members",WP-I5-015 retains 4 requirements whose Pass A reviews and Codebase evidence support the current boundary.,PASS_B_INDEPENDENT_EVIDENCE_REVIEWER,2026-08-06-pass-b-v2,VERIFIED
WP-I5-016,WP-I5-016,KEEP_VERIFIED,KEEP_VERIFIED,"requirements.csv, requirement-mapping.csv, reviewed-actionable-requirements-v3.csv, work-packages.json inspected for WP-I5-016 with 6 members",WP-I5-016 retains 6 requirements whose Pass A reviews and Codebase evidence support the current boundary.,PASS_B_INDEPENDENT_EVIDENCE_REVIEWER,2026-08-06-pass-b-v2,VERIFIED
WP-I5-017,WP-I5-017,KEEP_VERIFIED,KEEP_VERIFIED,"requirements.csv, requirement-mapping.csv, reviewed-actionable-requirements-v3.csv, work-packages.json inspected for WP-I5-017 with 3 members",WP-I5-017 retains 3 requirements whose Pass A reviews and Codebase evidence support the current boundary.,PASS_B_INDEPENDENT_EVIDENCE_REVIEWER,2026-08-06-pass-b-v2,VERIFIED
WP-I6-001,WP-I6-001,KEEP_VERIFIED,KEEP_VERIFIED,"requirements.csv, requirement-mapping.csv, reviewed-actionable-requirements-v3.csv, work-packages.json inspected for WP-I6-001 with 14 members",WP-I6-001 retains 14 requirements whose Pass A reviews and Codebase evidence support the current boundary.,PASS_B_INDEPENDENT_EVIDENCE_REVIEWER,2026-08-06-pass-b-v2,VERIFIED
WP-I6-002,WP-I6-002,KEEP_VERIFIED,KEEP_VERIFIED,"requirements.csv, requirement-mapping.csv, reviewed-actionable-requirements-v3.csv, work-packages.json inspected for WP-I6-002 with 21 members",WP-I6-002 retains 21 requirements whose Pass A reviews and Codebase evidence support the current boundary.,PASS_B_INDEPENDENT_EVIDENCE_REVIEWER,2026-08-06-pass-b-v2,VERIFIED
WP-I6-003,WP-I6-003,KEEP_VERIFIED,KEEP_VERIFIED,"requirements.csv, requirement-mapping.csv, reviewed-actionable-requirements-v3.csv, work-packages.json inspected for WP-I6-003 with 2 members",WP-I6-003 retains 2 requirements whose Pass A reviews and Codebase evidence support the current boundary.,PASS_B_INDEPENDENT_EVIDENCE_REVIEWER,2026-08-06-pass-b-v2,VERIFIED
WP-I6-004,WP-I6-004,KEEP_VERIFIED,KEEP_VERIFIED,"requirements.csv, requirement-mapping.csv, reviewed-actionable-requirements-v3.csv, work-packages.json inspected for WP-I6-004 with 2 members",WP-I6-004 retains 2 requirements whose Pass A reviews and Codebase evidence support the current boundary.,PASS_B_INDEPENDENT_EVIDENCE_REVIEWER,2026-08-06-pass-b-v2,VERIFIED
WP-I6-005,WP-I6-005,KEEP_VERIFIED,KEEP_VERIFIED,"requirements.csv, requirement-mapping.csv, reviewed-actionable-requirements-v3.csv, work-packages.json inspected for WP-I6-005 with 3 members",WP-I6-005 retains 3 requirements whose Pass A reviews and Codebase evidence support the current boundary.,PASS_B_INDEPENDENT_EVIDENCE_REVIEWER,2026-08-06-pass-b-v2,VERIFIED
WP-I6-006,WP-I6-006,KEEP_VERIFIED,KEEP_VERIFIED,"requirements.csv, requirement-mapping.csv, reviewed-actionable-requirements-v3.csv, work-packages.json inspected for WP-I6-006 with 13 members",WP-I6-006 retains 13 requirements whose Pass A reviews and Codebase evidence support the current boundary.,PASS_B_INDEPENDENT_EVIDENCE_REVIEWER,2026-08-06-pass-b-v2,VERIFIED
WP-I6-007,WP-I6-007,KEEP_VERIFIED,KEEP_VERIFIED,"requirements.csv, requirement-mapping.csv, reviewed-actionable-requirements-v3.csv, work-packages.json inspected for WP-I6-007 with 5 members",WP-I6-007 retains 5 requirements whose Pass A reviews and Codebase evidence support the current boundary.,PASS_B_INDEPENDENT_EVIDENCE_REVIEWER,2026-08-06-pass-b-v2,VERIFIED
WP-I6-008,WP-I6-008,KEEP_VERIFIED,KEEP_VERIFIED,"requirements.csv, requirement-mapping.csv, reviewed-actionable-requirements-v3.csv, work-packages.json inspected for WP-I6-008 with 11 members",WP-I6-008 retains 11 requirements whose Pass A reviews and Codebase evidence support the current boundary.,PASS_B_INDEPENDENT_EVIDENCE_REVIEWER,2026-08-06-pass-b-v2,VERIFIED
WP-I6-009,WP-I6-009,KEEP_VERIFIED,KEEP_VERIFIED,"requirements.csv, requirement-mapping.csv, reviewed-actionable-requirements-v3.csv, work-packages.json inspected for WP-I6-009 with 13 members",WP-I6-009 retains 13 requirements whose Pass A reviews and Codebase evidence support the current boundary.,PASS_B_INDEPENDENT_EVIDENCE_REVIEWER,2026-08-06-pass-b-v2,VERIFIED
WP-I6-010,WP-I6-010,KEEP_VERIFIED,KEEP_VERIFIED,"requirements.csv, requirement-mapping.csv, reviewed-actionable-requirements-v3.csv, work-packages.json inspected for WP-I6-010 with 3 members",WP-I6-010 retains 3 requirements whose Pass A reviews and Codebase evidence support the current boundary.,PASS_B_INDEPENDENT_EVIDENCE_REVIEWER,2026-08-06-pass-b-v2,VERIFIED
WP-I7-001,WP-I7-001,KEEP_VERIFIED,KEEP_VERIFIED,"requirements.csv, requirement-mapping.csv, reviewed-actionable-requirements-v3.csv, work-packages.json inspected for WP-I7-001 with 5 members",WP-I7-001 retains 5 requirements whose Pass A reviews and Codebase evidence support the current boundary.,PASS_B_INDEPENDENT_EVIDENCE_REVIEWER,2026-08-06-pass-b-v2,VERIFIED
WP-I7-002,WP-I7-002,KEEP_VERIFIED,KEEP_VERIFIED,"requirements.csv, requirement-mapping.csv, reviewed-actionable-requirements-v3.csv, work-packages.json inspected for WP-I7-002 with 0 members",WP-I7-002 retains 0 requirements whose Pass A reviews and Codebase evidence support the current boundary.,PASS_B_INDEPENDENT_EVIDENCE_REVIEWER,2026-08-06-pass-b-v2,VERIFIED
WP-I7-003,WP-I7-003,KEEP_VERIFIED,KEEP_VERIFIED,"requirements.csv, requirement-mapping.csv, reviewed-actionable-requirements-v3.csv, work-packages.json inspected for WP-I7-003 with 9 members",WP-I7-003 retains 9 requirements whose Pass A reviews and Codebase evidence support the current boundary.,PASS_B_INDEPENDENT_EVIDENCE_REVIEWER,2026-08-06-pass-b-v2,VERIFIED
WP-I7-004,WP-I7-004,KEEP_VERIFIED,KEEP_VERIFIED,"requirements.csv, requirement-mapping.csv, reviewed-actionable-requirements-v3.csv, work-packages.json inspected for WP-I7-004 with 5 members",WP-I7-004 retains 5 requirements whose Pass A reviews and Codebase evidence support the current boundary.,PASS_B_INDEPENDENT_EVIDENCE_REVIEWER,2026-08-06-pass-b-v2,VERIFIED
WP-I7-005,WP-I7-005,KEEP_VERIFIED,KEEP_VERIFIED,"requirements.csv, requirement-mapping.csv, reviewed-actionable-requirements-v3.csv, work-packages.json inspected for WP-I7-005 with 1 members",WP-I7-005 retains 1 requirements whose Pass A reviews and Codebase evidence support the current boundary.,PASS_B_INDEPENDENT_EVIDENCE_REVIEWER,2026-08-06-pass-b-v2,VERIFIED
WP-I7-007,WP-I7-007,KEEP_VERIFIED,KEEP_VERIFIED,"requirements.csv, requirement-mapping.csv, reviewed-actionable-requirements-v3.csv, work-packages.json inspected for WP-I7-007 with 9 members",WP-I7-007 retains 9 requirements whose Pass A reviews and Codebase evidence support the current boundary.,PASS_B_INDEPENDENT_EVIDENCE_REVIEWER,2026-08-06-pass-b-v2,VERIFIED
WP-I7-008,WP-I7-008,KEEP_VERIFIED,KEEP_VERIFIED,"requirements.csv, requirement-mapping.csv, reviewed-actionable-requirements-v3.csv, work-packages.json inspected for WP-I7-008 with 8 members",WP-I7-008 retains 8 requirements whose Pass A reviews and Codebase evidence support the current boundary.,PASS_B_INDEPENDENT_EVIDENCE_REVIEWER,2026-08-06-pass-b-v2,VERIFIED
WP-I7-009,WP-I7-009,KEEP_VERIFIED,KEEP_VERIFIED,"requirements.csv, requirement-mapping.csv, reviewed-actionable-requirements-v3.csv, work-packages.json inspected for WP-I7-009 with 6 members",WP-I7-009 retains 6 requirements whose Pass A reviews and Codebase evidence support the current boundary.,PASS_B_INDEPENDENT_EVIDENCE_REVIEWER,2026-08-06-pass-b-v2,VERIFIED
WP-I7-010,WP-I7-010,KEEP_VERIFIED,KEEP_VERIFIED,"requirements.csv, requirement-mapping.csv, reviewed-actionable-requirements-v3.csv, work-packages.json inspected for WP-I7-010 with 6 members",WP-I7-010 retains 6 requirements whose Pass A reviews and Codebase evidence support the current boundary.,PASS_B_INDEPENDENT_EVIDENCE_REVIEWER,2026-08-06-pass-b-v2,VERIFIED
WP-I7-011,WP-I7-011,KEEP_VERIFIED,KEEP_VERIFIED,"requirements.csv, requirement-mapping.csv, reviewed-actionable-requirements-v3.csv, work-packages.json inspected for WP-I7-011 with 1 members",WP-I7-011 retains 1 requirements whose Pass A reviews and Codebase evidence support the current boundary.,PASS_B_INDEPENDENT_EVIDENCE_REVIEWER,2026-08-06-pass-b-v2,VERIFIED
WP-I8-001,WP-I8-001,KEEP_VERIFIED,KEEP_VERIFIED,"requirements.csv, requirement-mapping.csv, reviewed-actionable-requirements-v3.csv, work-packages.json inspected for WP-I8-001 with 5 members",WP-I8-001 retains 5 requirements whose Pass A reviews and Codebase evidence support the current boundary.,PASS_B_INDEPENDENT_EVIDENCE_REVIEWER,2026-08-06-pass-b-v2,VERIFIED
WP-I8-002,WP-I8-002,KEEP_VERIFIED,KEEP_VERIFIED,"requirements.csv, requirement-mapping.csv, reviewed-actionable-requirements-v3.csv, work-packages.json inspected for WP-I8-002 with 5 members",WP-I8-002 retains 5 requirements whose Pass A reviews and Codebase evidence support the current boundary.,PASS_B_INDEPENDENT_EVIDENCE_REVIEWER,2026-08-06-pass-b-v2,VERIFIED
WP-I8-004,WP-I8-004,KEEP_VERIFIED,KEEP_VERIFIED,"requirements.csv, requirement-mapping.csv, reviewed-actionable-requirements-v3.csv, work-packages.json inspected for WP-I8-004 with 4 members",WP-I8-004 retains 4 requirements whose Pass A reviews and Codebase evidence support the current boundary.,PASS_B_INDEPENDENT_EVIDENCE_REVIEWER,2026-08-06-pass-b-v2,VERIFIED
WP-I8-005,WP-I8-005,KEEP_VERIFIED,KEEP_VERIFIED,"requirements.csv, requirement-mapping.csv, reviewed-actionable-requirements-v3.csv, work-packages.json inspected for WP-I8-005 with 3 members",WP-I8-005 retains 3 requirements whose Pass A reviews and Codebase evidence support the current boundary.,PASS_B_INDEPENDENT_EVIDENCE_REVIEWER,2026-08-06-pass-b-v2,VERIFIED
WP-I8-006,WP-I8-006,KEEP_VERIFIED,KEEP_VERIFIED,"requirements.csv, requirement-mapping.csv, reviewed-actionable-requirements-v3.csv, work-packages.json inspected for WP-I8-006 with 8 members",WP-I8-006 retains 8 requirements whose Pass A reviews and Codebase evidence support the current boundary.,PASS_B_INDEPENDENT_EVIDENCE_REVIEWER,2026-08-06-pass-b-v2,VERIFIED
WP-I8-007,WP-I8-007,KEEP_VERIFIED,KEEP_VERIFIED,"requirements.csv, requirement-mapping.csv, reviewed-actionable-requirements-v3.csv, work-packages.json inspected for WP-I8-007 with 14 members",WP-I8-007 retains 14 requirements whose Pass A reviews and Codebase evidence support the current boundary.,PASS_B_INDEPENDENT_EVIDENCE_REVIEWER,2026-08-06-pass-b-v2,VERIFIED
WP-I8-009,WP-I8-009,KEEP_VERIFIED,KEEP_VERIFIED,"requirements.csv, requirement-mapping.csv, reviewed-actionable-requirements-v3.csv, work-packages.json inspected for WP-I8-009 with 3 members",WP-I8-009 retains 3 requirements whose Pass A reviews and Codebase evidence support the current boundary.,PASS_B_INDEPENDENT_EVIDENCE_REVIEWER,2026-08-06-pass-b-v2,VERIFIED
WP-I8-010,WP-I8-010,KEEP_VERIFIED,KEEP_VERIFIED,"requirements.csv, requirement-mapping.csv, reviewed-actionable-requirements-v3.csv, work-packages.json inspected for WP-I8-010 with 1 members",WP-I8-010 retains 1 requirements whose Pass A reviews and Codebase evidence support the current boundary.,PASS_B_INDEPENDENT_EVIDENCE_REVIEWER,2026-08-06-pass-b-v2,VERIFIED
WP-I9-001,WP-I9-001,KEEP_VERIFIED,KEEP_VERIFIED,"requirements.csv, requirement-mapping.csv, reviewed-actionable-requirements-v3.csv, work-packages.json inspected for WP-I9-001 with 3 members",WP-I9-001 retains 3 requirements whose Pass A reviews and Codebase evidence support the current boundary.,PASS_B_INDEPENDENT_EVIDENCE_REVIEWER,2026-08-06-pass-b-v2,VERIFIED
WP-I9-004,WP-I9-004,KEEP_VERIFIED,KEEP_VERIFIED,"requirements.csv, requirement-mapping.csv, reviewed-actionable-requirements-v3.csv, work-packages.json inspected for WP-I9-004 with 3 members",WP-I9-004 retains 3 requirements whose Pass A reviews and Codebase evidence support the current boundary.,PASS_B_INDEPENDENT_EVIDENCE_REVIEWER,2026-08-06-pass-b-v2,VERIFIED
WP-I9-006,WP-I9-006,KEEP_VERIFIED,KEEP_VERIFIED,"requirements.csv, requirement-mapping.csv, reviewed-actionable-requirements-v3.csv, work-packages.json inspected for WP-I9-006 with 2 members",WP-I9-006 retains 2 requirements whose Pass A reviews and Codebase evidence support the current boundary.,PASS_B_INDEPENDENT_EVIDENCE_REVIEWER,2026-08-06-pass-b-v2,VERIFIED
WP-I9-007,WP-I9-007,KEEP_VERIFIED,KEEP_VERIFIED,"requirements.csv, requirement-mapping.csv, reviewed-actionable-requirements-v3.csv, work-packages.json inspected for WP-I9-007 with 3 members",WP-I9-007 retains 3 requirements whose Pass A reviews and Codebase evidence support the current boundary.,PASS_B_INDEPENDENT_EVIDENCE_REVIEWER,2026-08-06-pass-b-v2,VERIFIED
