record_id,decision_kind,candidate_value,final_reviewed_value,acceptance_criteria,review_status,review_rationale,evidence,reviewer_type,review_revision,exception_rationale,correction_applied
CAN-MISSION-I0-001,REQUIREMENT,"Preserve an immutable archive of the supplied repository snapshot before any application-source mutation.","During I0, the implementation team must inspect the existing Lamha repository in read-only mode and record its file inventory, SHA-256 manifest, available Git state, toolchain manifests, and provenance evidence only inside Graphify; it must create no archive, backup, repository copy, application mutation, or Git mutation.","Given the existing Lamha repository, when WP-I0-001 records provenance, then every evidence file is inside Graphify, the outside-Graphify hash comparison reports zero changes, and no archive, backup, copy, build output, cache, or Git mutation exists.",REVIEWED_CORRECTED,"The prior obligation directly violated the binding no-backup rule and omitted observable read-only integrity checks.","LAMHA GRAPHIFY — FINAL BLOCKER REMOVAL MISSION sections 1, 2, 5, 6, and 20",AI_SEMANTIC_REVIEW,2026-08-01-final-blocker-removal,,"Replaced archive creation with read-only provenance and integrity evidence."
CAN-MISSION-I0-002,REQUIREMENT,"Create a Git baseline and rollback tag in a disposable implementation workspace.","During I0, the implementation team may inspect existing Git metadata with optional locks disabled, but it must not create or modify commits, branches, tags, stashes, worktrees, the index, or repository configuration.","Given a Lamha Git repository, when WP-I0-002 inspects repository state, then the report records the observed branch, HEAD, and working-tree state while before-and-after Git metadata hashes remain identical.",REVIEWED_CORRECTED,"The prior rollback-tag instruction was a prohibited Git mutation; read-only inspection supplies provenance without altering recovery state.","LAMHA GRAPHIFY — FINAL BLOCKER REMOVAL MISSION sections 2, 6, and 20",AI_SEMANTIC_REVIEW,2026-08-01-final-blocker-removal,,"Removed tag creation and made Git inspection explicitly read-only."
CAN-MISSION-I0-003,REQUIREMENT,"Record archive and repository SHA-256 manifests and verify them before implementation.","During I0, the implementation team must calculate and verify a SHA-256 manifest for existing repository files without creating an archive, backup, or duplicate repository tree.","Given the existing repository files, when WP-I0-003 calculates and rechecks the manifest, then every listed path, byte size, and digest matches and all evidence remains inside Graphify.",REVIEWED_CORRECTED,"Repository hashes provide the required integrity proof; an archive hash is both unnecessary and prohibited.","LAMHA GRAPHIFY — FINAL BLOCKER REMOVAL MISSION sections 2, 5, and 20",AI_SEMANTIC_REVIEW,2026-08-01-final-blocker-removal,,"Removed archive hashing and retained direct file-integrity verification."
CAN-MISSION-I0-005,REQUIREMENT,"Create a disposable build workspace so baseline commands cannot contaminate the preserved snapshot.","WP-I0-006 must define build-output isolation rules without creating a repository copy during the read-only provenance baseline; build or test execution requires a separately authorized implementation workspace after WP-I0-001 exits.","Given the read-only provenance baseline, when WP-I0-006 documents build isolation, then no build, test, cache, generated-code, package-manager, or duplicate-tree artifact is created and the later writable workspace requirement is explicit.",REVIEWED_CORRECTED,"The prior wording could authorize a duplicate repository before provenance was proven and conflicted with the current mission's no-write boundary.","LAMHA GRAPHIFY — FINAL BLOCKER REMOVAL MISSION sections 1, 2, 5, and 20",AI_SEMANTIC_REVIEW,2026-08-01-final-blocker-removal,,"Changed workspace creation into a read-only isolation decision and deferred execution."
CAN-MISSION-I0-011,REQUIREMENT,"Do not delete, clean, rename, or rewrite application source during repository proof and baseline investigation.","During repository provenance and integrity inspection, every application file outside Graphify must remain byte-for-byte unchanged and no build, test, cache, generated-code, package-manager, or Git artifact may be created or modified.","Given the initial outside-Graphify SHA-256 manifest, when I0 inspection finishes, then a fresh manifest reports zero added, removed, modified, or renamed paths.",REVIEWED_CORRECTED,"The prior prohibition omitted common indirect write paths and did not state the observable integrity proof.","LAMHA GRAPHIFY — FINAL BLOCKER REMOVAL MISSION sections 1, 5, and 20",AI_SEMANTIC_REVIEW,2026-08-01-final-blocker-removal,,"Expanded the preservation rule and added a complete hash-comparison gate."
CAN-LAM-ASSET-004,REQUIREMENT,"Lamha must provide a primary media container definition spanning approved image, RAW, and video formats.","During ingestion, Lamha must classify each approved image, RAW, and video container, preserve its original bytes, and associate any detected companion bundles by stable identity.","Given one approved fixture for each declared media class, when scanning and classification run, then each fixture is indexed with the correct media class and companions or returns a typed visible unsupported-format error, and every original hash remains unchanged.",REVIEWED_CORRECTED,"The prior capability-template wording mixed a glossary definition with runtime behavior and did not provide a testable outcome.","Master Plan File 1 section 1.1; supported-format code evidence recorded on CAN-LAM-ASSET-004",AI_SEMANTIC_REVIEW,2026-08-01-final-blocker-removal,,"Rewrote the glossary template as ingestion behavior and moved primary ownership to media classification."
CAN-SECTION-0120,REQUIREMENT,"Lamha must implement the 2.6 Non-destructive defaults behavior for Metadata and satisfy every linked acceptance criterion.","Metadata mutation must preserve original filename provenance, create revisioned metadata snapshots, and produce privacy-clean exports without modifying the managed original or discarding the last valid authoritative value.","Given an asset with original filename and metadata, when a metadata edit, snapshot restore, or privacy-clean export runs, then the original media hash and original filename provenance remain unchanged, the authoritative revision is observable, and conflicts return a typed review item.",REVIEWED_CORRECTED,"The synthesized parent used a broad section template and was assigned to an I3 identity package despite its reviewed primary I11 metadata-mutation phase.","Master Plan File 1 section 2.6 and linked records CAN-LAM-ASSET-042, CAN-LAM-EDIT-001, CAN-LAM-META-019",AI_SEMANTIC_REVIEW,2026-08-01-final-blocker-removal,,"Rewrote the parent semantically and reconciled membership to an I11 metadata package."
CAN-LAM-AI-006,REQUIREMENT,"It is rebuildable and is never the only authoritative copy of saved user decisions, durable history, approved metadata, suppression decisions, or unresolved pending overlays.","The SQLite AI projection must remain rebuildable from versioned AI task, candidate, decision, suppression, and overlay records; deleting and rebuilding SQLite must preserve every saved user decision and durable history entry.","Given versioned AI authority records and a populated SQLite projection, when SQLite is deleted and rebuilt, then every saved decision, suppression, pending overlay, and history revision reappears with matching identifiers and values.",REVIEWED_CORRECTED,"The pronoun had no named authority and the prior text did not state the rebuild trigger or observable preservation result.","CAN-LAM-AI-006 source trace and AI authority decision",AI_SEMANTIC_REVIEW,2026-08-01-final-blocker-removal,,"Named both authorities and added a destructive rebuild verification."
CAN-LAM-ARCH-014,REQUIREMENT,"The final application must feel like one integrated desktop application.","Lamha must expose library, search, review, map, editing, and maintenance workflows through one desktop shell with shared navigation, identity, settings, error presentation, and operation status.","Given each primary workflow, when a user opens it and starts a supported operation, then the same shell navigation, selected-library identity, settings, typed error surface, and operation-status model remain available.",REVIEWED_CORRECTED,"Feel like one application was subjective and could not be verified.","CAN-LAM-ARCH-014 source trace and desktop-shell package boundaries",AI_SEMANTIC_REVIEW,2026-08-01-final-blocker-removal,,"Replaced a subjective quality claim with observable shell integration behavior."
CAN-LAM-ARCH-250,REQUIREMENT,"Enabling them requires an explicit setting that identifies the external provider and network use.","When an optional external AI adapter is disabled, Lamha must make no provider request; enabling it requires an explicit setting naming the provider and network use, and the settings UI must display the active provider before any request runs.","Given the adapter disabled, when its workflow runs, then no network request occurs; given explicit enablement, when the workflow runs, then the named provider is displayed and only that configured provider may receive the request.",REVIEWED_CORRECTED,"The prior pronoun was ambiguous and omitted disabled-state behavior and a visible result.","CAN-LAM-ARCH-250 source trace and optional-adapter boundary",AI_SEMANTIC_REVIEW,2026-08-01-final-blocker-removal,,"Named the adapter, trigger, prohibition, and visible provider evidence."
CAN-LAM-ASSET-043,REQUIREMENT,"A long inline directory-tree example defining the Primary Library Root layout.","When Lamha initializes a writable Primary Library Root, it must create the approved year and event-folder layout plus the typed .app-data authority directories, while leaving existing user folders and media bytes unchanged.","Given an empty root and a root containing existing user folders, when initialization runs, then required managed directories exist exactly once, existing paths and file hashes remain unchanged, and any collision returns a typed error.",REVIEWED_CORRECTED,"The prior canonical statement embedded a large illustrative tree instead of a concise behavior and result.","CAN-LAM-ASSET-043 source tree retained in source_text; root and folder schemas",AI_SEMANTIC_REVIEW,2026-08-01-final-blocker-removal,,"Moved the illustrative layout to provenance and retained a concise initialization obligation."
CAN-LAM-ASSET-048,REQUIREMENT,"Lamha must help the user sort them without immediately changing them.","When newly discovered assets enter Manage Later, Lamha must display proposed event, folder, and metadata actions without changing media paths, bytes, or authoritative metadata until the user approves a typed operation plan.","Given unreviewed assets in Manage Later, when proposals are generated or inspected, then originals and authority records retain their hashes and revisions; only approval may create an executable operation plan.",REVIEWED_CORRECTED,"The prior pronoun and help wording did not identify assets, preservation behavior, or the approval trigger.","CAN-LAM-ASSET-048 source trace and Manage Later workflow",AI_SEMANTIC_REVIEW,2026-08-01-final-blocker-removal,,"Named the actor, subject, proposals, preserved state, and authorization boundary."
CAN-LAM-ASSET-088,REQUIREMENT,"Camera Owner; Camera Owner/<Name>; hardware owner definition and a paragraph contrasting photographer and visible person.","Lamha must store camera owner, photographer, and visible-person attribution as independent typed fields so changing any one attribution cannot silently change either of the others.","Given an asset with three distinct attributions, when one field is updated, then its revision changes, the other two values and revisions remain unchanged, and the UI displays each role separately.",REVIEWED_CORRECTED,"The prior row was a semicolon-delimited glossary paragraph rather than executable behavior.","CAN-LAM-ASSET-088 source trace and expanded Asset schema",AI_SEMANTIC_REVIEW,2026-08-01-final-blocker-removal,,"Converted the glossary into a typed independence invariant and focused update test."
CAN-LAM-ASSET-147,REQUIREMENT,"Lamha must be planned and tested for: 10,000 assets / 50,000 assets / 100,000 assets.","Before release, Lamha performance validation must execute declared 10,000-, 50,000-, and 100,000-asset workloads and report latency, throughput, memory, CPU, cancellation, and responsiveness against reviewed budgets.","Given each declared workload and hardware profile, when the benchmark suite runs, then every metric is recorded with its budget and any exceeded budget blocks release.",REVIEWED_CORRECTED,"The prior statement named sizes but no operation, measurement, or pass/fail result.","CAN-LAM-ASSET-147 source trace and I14 performance packages",AI_SEMANTIC_REVIEW,2026-08-01-final-blocker-removal,,"Added workloads, observable measurements, declared budgets, and release failure behavior."
CAN-LAM-FOLDER-001,REQUIREMENT,"A glossary paragraph defining an Event Folder and its naming examples.","When a user approves event materialization in a writable Library Root, Lamha must create exactly one dated Year/YYYY-MM-DD-Event-Name folder or one Unknown Date/Unknown-Date-Event-Name folder and persist the approved naming inputs.","Given dated and undated event proposals, when materialization is approved, then each event receives the correct typed path, capture time alone never approves a date, and path collisions return a typed resolution request.",REVIEWED_CORRECTED,"The prior definition mixed examples and policy without a trigger or verifiable outcome.","CAN-LAM-FOLDER-001 source trace and event/root schemas",AI_SEMANTIC_REVIEW,2026-08-01-final-blocker-removal,,"Rewrote the glossary as approved materialization behavior."
CAN-LAM-GOV-052,REQUIREMENT,"File 3 must reference those IDs rather than clone their text.","The implementation tracker must reference canonical requirement IDs instead of copying requirement text, and validation must reject any tracker row whose ID is missing or whose embedded statement diverges from the canonical registry.","Given a valid ID reference, a missing ID, and a copied divergent statement, when tracker validation runs, then the valid reference resolves and both invalid rows fail with record-specific errors.",REVIEWED_CORRECTED,"File 3 and those IDs were ambiguous and the prior clause had no failure behavior.","CAN-LAM-GOV-052 source trace and canonical registry authority",AI_SEMANTIC_REVIEW,2026-08-01-final-blocker-removal,,"Named the tracker and registry and added rejection behavior."
CAN-LAM-GOV-054,REQUIREMENT,"If an implementation discovery requires a new edge case, add it to File 1 first, then map it here by ID.","When implementation discovery identifies a new binding edge case, the planning tracker must first record a canonical requirement with source evidence and then reference that ID from its phase and work-package mappings.","Given a discovered edge case, when validation runs before a canonical record exists, then mapping is rejected; after the canonical record exists, the mapping resolves to exactly one phase and primary package.",REVIEWED_CORRECTED,"File 1 and here were ambiguous and the original process lacked an observable validation result.","CAN-LAM-GOV-054 source trace and mapping authority",AI_SEMANTIC_REVIEW,2026-08-01-final-blocker-removal,,"Named each registry and added order and uniqueness gates."
CAN-LAM-GOV-075,REQUIREMENT,"If two binding clauses appear irreconcilable, cite both in BLOCKEDORUNKNOWN.md and mark the requirement deferred.","When two binding clauses remain irreconcilable, the implementation team must record both exact source locations in a typed blocked-decision record, mark only the affected requirement REVIEW_REQUIRED, and continue only work with no dependency on that decision.","Given an unresolved conflict, when package readiness is evaluated, then the affected package and its dependents are blocked, independent packages remain eligible, and both source locations are visible in the decision record.",REVIEWED_CORRECTED,"The old filename token was malformed, the status was outside the reviewed vocabulary, and dependency blocking was implicit.","CAN-LAM-GOV-075 source trace and reviewed decision status model",AI_SEMANTIC_REVIEW,2026-08-01-final-blocker-removal,,"Replaced malformed free text with a typed decision and dependency-aware result."
CAN-LAM-GOV-238,REQUIREMENT,"as one canonical steady-state transaction unit. Missing sidecars and Pending Overlays are visible degraded states...","For each managed asset mutation, Rust must treat the media file, authoritative sidecar, pending overlay, and operation journal as one transaction unit; controlled backup, trash, export, and cross-drive copies must never establish a second authoritative asset location.","Given success, interruption, and checksum-failure cases, when a managed asset mutation runs, then the transaction commits one authority location or recovery restores the prior authority and reports the degraded state.",REVIEWED_CORRECTED,"The prior statement began mid-sentence and combined history with the control without a complete actor.","CAN-LAM-GOV-238 source trace and filesystem transaction schemas",AI_SEMANTIC_REVIEW,2026-08-01-final-blocker-removal,,"Restored a complete actor, transaction boundary, prohibition, and recovery result."
CAN-LAM-INV-AI-04,REQUIREMENT,"LAM-INV-AI-04; AI Workers; Task Invalidation Tracking; AI state MUST track task status, model identity, model version, source identity or hash, relevant configuration identity or hash, processing time, and invalidation/staleness state.","Each AI task record must store task status, model identity and version, source and configuration fingerprints, processing time, and invalidation state, and any fingerprint change must mark prior output stale before reuse.","Given a completed task, when its source, model, or configuration fingerprint changes, then the prior result becomes stale and cannot be applied until a new task completes.",REVIEWED_CORRECTED,"The prior statement retained audit-column prefixes and deferred observable invalidation behavior.","CAN-LAM-INV-AI-04 source trace and AI task schema",AI_SEMANTIC_REVIEW,2026-08-01-final-blocker-removal,,"Removed audit prefixes and specified the stale-output transition."
CAN-LAM-INV-ASSET-01,REQUIREMENT,"LAM-INV-ASSET-01; Assets; Single Media Authority; Each managed asset corresponds to exactly one authoritative primary media file on disk.","Each managed asset identity must resolve to exactly one authoritative primary media file; categorization, albums, tags, events, and saved views must reference that identity without duplicating the media container.","Given one asset referenced by multiple organizational concepts, when authority validation runs, then exactly one primary path resolves and any second authoritative file blocks the operation.",REVIEWED_CORRECTED,"The prior invariant included audit prefixes and lacked an observable authority check.","CAN-LAM-INV-ASSET-01 source trace and Asset schema",AI_SEMANTIC_REVIEW,2026-08-01-final-blocker-removal,,"Removed audit prefixes and added identity-resolution and duplication rejection."
CAN-LAM-INV-ASSET-02,REQUIREMENT,"LAM-INV-ASSET-02; Assets; Stable Asset UUIDs; Once assigned, an asset's stable UUID is immutable...","Once Lamha assigns an asset identity, every move, rename, edit, relink, and metadata revision must preserve that identity while recording the changed path or revision separately.","Given an indexed asset, when each supported mutation runs, then the asset ID remains byte-for-byte identical and only the typed path, hash, or revision fields change.",REVIEWED_CORRECTED,"The prior invariant contained audit prefixes and deferred the serialized result.","CAN-LAM-INV-ASSET-02 source trace and Asset schema",AI_SEMANTIC_REVIEW,2026-08-01-final-blocker-removal,,"Removed audit prefixes and made mutation preservation directly testable."
CAN-LAM-INV-EVENT-01,REQUIREMENT,"LAM-INV-EVENT-01; Events; Event Directory Naming; dated and Unknown Date naming prose.","When Lamha materializes an approved event, it must create the typed dated or Unknown Date directory name from approved event fields and must never silently promote a capture-time suggestion into the authoritative date.","Given approved, unapproved, and unknown dates, when event materialization runs, then only approved values determine the directory and unapproved suggestions remain review candidates.",REVIEWED_CORRECTED,"The prior invariant mixed audit labels and examples without an approval-state result.","CAN-LAM-INV-EVENT-01 source trace and Event schema",AI_SEMANTIC_REVIEW,2026-08-01-final-blocker-removal,,"Removed audit prefixes and added approval-state verification."
CAN-LAM-INV-EVENT-03,REQUIREMENT,"LAM-INV-EVENT-03; Events; Linked Folder Immobility; assets in Linked Folders must never be moved or renamed.","Automated event builders must leave every asset inside a user-designated Linked Folder at its existing path and return a non-mutating proposal when organization would otherwise require a move or rename.","Given linked and managed-root assets, when an event builder proposes organization, then linked paths and hashes remain unchanged while managed-root changes appear only in a typed plan.",REVIEWED_CORRECTED,"The prior invariant retained audit prefixes and omitted the replacement behavior when movement is prohibited.","CAN-LAM-INV-EVENT-03 source trace and linked-folder workflow",AI_SEMANTIC_REVIEW,2026-08-01-final-blocker-removal,,"Added a non-mutating proposal result and preservation evidence."
CAN-LAM-INV-FS-01,REQUIREMENT,"LAM-INV-FS-01; Storage; Authorized-Path Sandboxing; scan and write scope prose.","Rust must limit recursive scans to registered Library Roots and writes to the authorized path set or an operation-scoped destination explicitly selected by the user; every other path must be rejected before filesystem access.","Given authorized, operation-scoped, traversal, symlink-escape, and unrelated paths, when scan or write authorization runs, then only the first two pass and all others return typed authorization errors without I/O.",REVIEWED_CORRECTED,"The prior invariant retained audit prefixes and did not state rejection timing or result.","CAN-LAM-INV-FS-01 source trace and filesystem authorization contracts",AI_SEMANTIC_REVIEW,2026-08-01-final-blocker-removal,,"Specified authorization inputs, pre-I/O rejection, and typed errors."
CAN-LAM-INV-META-01,REQUIREMENT,"LAM-INV-META-01; Metadata; Filesystem Path Authority; filesystem authority prose.","For current path, directory, and filename fields, Lamha must read the operating-system filesystem as authority and treat cached SQLite or sidecar values only as projections that reconciliation may update.","Given a file moved outside Lamha while projections remain stale, when reconciliation runs, then the current filesystem path becomes authoritative and every projection is updated or a typed missing-file state is reported.",REVIEWED_CORRECTED,"The prior invariant retained audit prefixes and omitted reconciliation behavior.","CAN-LAM-INV-META-01 source trace and authority registry",AI_SEMANTIC_REVIEW,2026-08-01-final-blocker-removal,,"Added the stale-projection trigger and observable reconciliation result."
CAN-LAM-INV-PERSON-01,REQUIREMENT,"LAM-INV-PERSON-01; People; Stable Identity UUIDs; profile reference prose.","Every person and group reference in sidecars, authoritative records, and SQLite projections must use the stable profile ID; renaming a profile must change only its presentation fields.","Given a referenced profile, when its canonical name changes, then all references retain the same profile ID and no relationship or membership edge is duplicated.",REVIEWED_CORRECTED,"The prior invariant retained audit prefixes and lacked a rename verification.","CAN-LAM-INV-PERSON-01 source trace and person/group schemas",AI_SEMANTIC_REVIEW,2026-08-01-final-blocker-removal,,"Added cross-record ID preservation under rename."
CAN-LAM-INV-PERSON-02,REQUIREMENT,"LAM-INV-PERSON-02; People; Multiple Effective-Dated Relationship Edges; relationship prose.","A person profile must support simultaneous and historical typed relationship edges with effective intervals, certainty, notes, and revision history, and projections must derive categories only from explicit approved rules.","Given overlapping, ended, and custom relationships, when history and category projections run, then every edge remains queryable by interval and no unapproved category is inferred.",REVIEWED_CORRECTED,"The prior invariant retained audit prefixes and mixed schema description with projection policy.","CAN-LAM-INV-PERSON-02 source trace and relationship schemas",AI_SEMANTIC_REVIEW,2026-08-01-final-blocker-removal,,"Separated typed edge persistence from reviewed projection behavior."
CAN-LAM-META-002,REQUIREMENT,"Every retained feature must be fully functional, backed by real file-system sidecars and SQLite indexes, and capable of handling production error states.","Each retained feature that persists user knowledge must write its reviewed authoritative record, update or rebuild its SQLite projection, and return typed results for success, invalid input, I/O failure, conflict, cancellation, and recovery.","Given one retained persistence workflow, when each declared success and failure case runs, then authority and projection states match the schema and every failure returns a typed outcome without silent data loss.",REVIEWED_CORRECTED,"Fully functional and production error states were broad claims without named observable states.","CAN-LAM-META-002 source trace and authority/schema registries",AI_SEMANTIC_REVIEW,2026-08-01-final-blocker-removal,,"Replaced broad quality language with authority, projection, and typed-outcome obligations."
CAN-MISSION-I0-006,REQUIREMENT,"Inventory the exact Node, package-manager, Rust, Python, media, and platform toolchains.","During read-only I0 inspection, the implementation team must record the existing Node, package-manager, Rust, Python, media, and platform toolchain manifests and report unavailable or ambiguous versions without installing or modifying anything.","Given the existing repository and host, when toolchain inspection runs, then every discoverable version and manifest path is recorded inside Graphify and every unavailable item is explicitly marked REVIEW_REQUIRED.",REVIEWED_CORRECTED,"The imperative omitted the actor, no-write boundary, output, and missing-tool behavior.","Final blocker-removal mission I0 scope and CAN-MISSION-I0-006",AI_SEMANTIC_REVIEW,2026-08-01-final-blocker-removal,,"Added read-only scope, evidence output, and unavailable-version handling."
CAN-MISSION-I0-008,REQUIREMENT,"Classify missing fixtures, generated artifacts, dependencies, credentials, and environment prerequisites discovered by baseline attempts.","During read-only I0 inspection, the implementation team must classify each observed missing fixture, generated artifact, dependency, credential, or environment prerequisite and record its evidence and blocking effect without generating, installing, or supplying it.","Given a missing prerequisite, when classification runs, then a Graphify record names its category, evidence, affected packages, and REVIEW_REQUIRED or BLOCKED status while the repository remains unchanged.",REVIEWED_CORRECTED,"The imperative did not state the evidence record, status, or prohibition on satisfying the prerequisite during baseline.","Final blocker-removal mission I0 scope and CAN-MISSION-I0-008",AI_SEMANTIC_REVIEW,2026-08-01-final-blocker-removal,,"Added typed classification output and preserved the read-only boundary."
CAN-MISSION-I0-009,REQUIREMENT,"Inventory frontend coupling to server routes, generated clients, authentication, runtime hosts, and server-owned state.","During read-only I0 inspection, the implementation team must record each frontend dependency on server routes, generated clients, authentication, runtime hosts, or server-owned state and link it to the owning replacement decision or package.","Given the frontend source, when coupling inspection runs, then every discovered coupling has source evidence, a dependency category, and one owning reviewed decision or package, with unresolved ownership reported as REVIEW_REQUIRED.",REVIEWED_CORRECTED,"The imperative lacked a mapping result and unresolved-ownership behavior.","Final blocker-removal mission I0 scope and CAN-MISSION-I0-009",AI_SEMANTIC_REVIEW,2026-08-01-final-blocker-removal,,"Added evidence, ownership linkage, and explicit unresolved status."
CAN-MISSION-I14-001,REQUIREMENT,"Measure performance on declared 10k, 50k, and 100k asset fixtures before accepting budgets.","I14 performance validation must execute declared 10,000-, 50,000-, and 100,000-asset fixtures, record reviewed latency and resource budgets, and block acceptance when any required measurement is missing or exceeded.","Given each declared fixture and hardware profile, when the benchmark runs, then every required measurement is recorded against its budget and any missing or exceeded result fails the gate.",REVIEWED_CORRECTED,"The imperative did not name the owner, full output, or failure behavior.","CAN-MISSION-I14-001 and I14 performance packages",AI_SEMANTIC_REVIEW,2026-08-01-final-blocker-removal,,"Added phase ownership, measurement evidence, and gate result."
CAN-MISSION-I14-002,REQUIREMENT,"Provide keyboard, focus, semantic, screen-reader, and non-visual alternatives for all graph, map, timeline, and review interfaces.","Each graph, map, timeline, and review interface must expose keyboard navigation, visible focus, semantic labels, screen-reader output, and a non-visual alternative that provides the same supported actions and state.","Given each interface with pointer input unavailable, when accessibility checks run, then every supported action is reachable by keyboard and assistive technology and equivalent state is announced or displayed non-visually.",REVIEWED_CORRECTED,"The imperative omitted equivalence and an observable accessibility test.","CAN-MISSION-I14-002 and I14 accessibility packages",AI_SEMANTIC_REVIEW,2026-08-01-final-blocker-removal,,"Added equivalent actions/state and test conditions."
CAN-MISSION-I14-003,REQUIREMENT,"Measure background-job responsiveness, cancellation latency, CPU, GPU, memory, and power behavior on declared hardware.","I14 validation must execute representative background jobs on declared hardware and report responsiveness, cancellation latency, CPU, GPU, memory, and power measurements against reviewed budgets.","Given each representative job and hardware profile, when load and cancellation checks run, then all measurements are recorded and any missing or exceeded required budget fails the gate.",REVIEWED_CORRECTED,"The imperative omitted phase ownership and pass/fail behavior.","CAN-MISSION-I14-003 and I14 background-job packages",AI_SEMANTIC_REVIEW,2026-08-01-final-blocker-removal,,"Added declared workloads, budgets, evidence, and failure behavior."
CAN-MISSION-I15-002,REQUIREMENT,"Generate an SBOM and complete licence, attribution, model, codec, runtime, signing, and redistribution review before release.","Before release, I15 must generate the product SBOM and record reviewed licence, attribution, model, codec, runtime, signing, and redistribution decisions; any missing component, evidence, or incompatible obligation must block packaging.","Given the release component manifest, when compliance validation runs, then every shipped component appears in the SBOM with reviewed evidence and any unresolved or incompatible row fails the release gate.",REVIEWED_CORRECTED,"The imperative listed activities but not completeness, evidence, or blocking behavior.","CAN-MISSION-I15-002 and component manifest",AI_SEMANTIC_REVIEW,2026-08-01-final-blocker-removal,,"Added completeness reconciliation and explicit packaging failure behavior."
CAN-LAM-ARCH-020,REQUIREMENT,"It is temporary but durable, visible in Review, conflict-checked before flush, and never silently discarded.","A pending sidecar overlay must persist until it is applied or explicitly rejected, remain visible in Review, and pass revision-conflict validation before any value is flushed to authoritative metadata.","Given a pending overlay, when the app restarts, a conflict appears, or the user rejects it, then the overlay respectively remains visible, stays unapplied with a typed conflict, or records the rejection without silent loss.",REVIEWED_CORRECTED,"The pronoun was ambiguous and the prohibition had no phase or primary package.","CAN-LAM-ARCH-020 source trace and pending-overlay contract",AI_SEMANTIC_REVIEW,2026-08-01-final-blocker-removal,,"Named the overlay lifecycle and assigned pending-overlay ownership."
CAN-LAM-ASSET-026,REQUIREMENT,"Historical intervals are never overwritten, and current edges must not silently rewrite historical asset or event composition.","Updating a current relationship edge must append or close an effective-dated revision while preserving every historical interval and the asset or event composition derived for that interval.","Given current and historical relationship intervals, when the current edge changes, then prior intervals and historical projections remain queryable and only the new effective interval changes current composition.",REVIEWED_CORRECTED,"The prohibition lacked an actor, update trigger, verification result, phase, and package.","CAN-LAM-ASSET-026 source trace and relationship-history schema",AI_SEMANTIC_REVIEW,2026-08-01-final-blocker-removal,,"Added revision behavior and mapped it to relationship history."
CAN-LAM-ASSET-047,REQUIREMENT,"with the same Photos/, Videos/, event.json, event.xmp, and .backup/ contents as a dated event. Lamha must not invent a calendar date.","When an event has no approved date, Lamha must keep it under the typed Unknown Date layout with the same managed contents as a dated event and must not derive an authoritative calendar date from capture-time suggestions.","Given an event with no approved date, when naming or materialization runs, then its typed path uses Unknown Date, required managed records remain present, and capture-time suggestions remain non-authoritative.",REVIEWED_CORRECTED,"The source fragment began mid-sentence and had no active phase or package.","CAN-LAM-ASSET-047 source trace and event date-boundary package",AI_SEMANTIC_REVIEW,2026-08-01-final-blocker-removal,,"Restored the subject, trigger, observable layout, and date-preservation behavior."
CAN-LAM-ASSET-090,REQUIREMENT,"The app may suggest a photographer but must not silently confirm one.","Lamha may create a photographer proposal from reviewed evidence, but it must keep the authoritative photographer field unchanged until the user explicitly approves the typed attribution candidate.","Given an asset with no approved photographer, when inference runs, then a review candidate may appear while the authoritative field and revision remain unchanged; approval alone may update them.",REVIEWED_CORRECTED,"The prior prohibition omitted the candidate record, preserved field, approval result, phase, and package.","CAN-LAM-ASSET-090 source trace and attribution schema",AI_SEMANTIC_REVIEW,2026-08-01-final-blocker-removal,,"Added typed proposal and approval-boundary behavior."
CAN-LAM-DELETE-285,REQUIREMENT,"Lamha must not delete reusable visual components merely because they appear on an unwanted page.","Legacy page removal must retain each reusable visual component until an integrated retained-feature parity check proves the component is unused or a reviewed replacement is active.","Given a legacy page with shared and page-only components, when removal validation runs, then shared components remain reachable by retained workflows and only proven unused or replaced components are deleted.",REVIEWED_CORRECTED,"The prior gate lacked the replacement-verification trigger, evidence, phase, and removal package.","CAN-LAM-DELETE-285 source trace and legacy replacement gate",AI_SEMANTIC_REVIEW,2026-08-01-final-blocker-removal,,"Added parity proof and mapped the gate to replacement-verified removal."
CAN-LAM-GOV-254,REQUIREMENT,"If the local coordinator, Primary Library Root operation history, or every affected writable-root manifest cannot be prepared, the mutation must not start.","Before a multi-root filesystem mutation starts, Rust must prepare the local coordinator, Primary Library Root operation history, and every affected writable-root manifest; preparation failure must return a typed error before any path changes.","Given successful and failed preparation for each required journal, when commit is requested, then all prepared journals allow staging and any missing journal rejects the operation with every filesystem path unchanged.",REVIEWED_CORRECTED,"The prior prohibition omitted the actor, typed outcome, observable preservation result, phase, and package.","CAN-LAM-GOV-254 source trace and prepare/stage transaction contract",AI_SEMANTIC_REVIEW,2026-08-01-final-blocker-removal,,"Added pre-I/O typed failure behavior and transaction ownership."
CAN-LAM-PERSON-051,REQUIREMENT,"A person who is currently treated as Family must not be an active member of a friend group.","When group membership validation observes an active Family classification, it must reject an overlapping active friend-group membership while preserving historical or explicitly reviewed non-overlapping intervals.","Given active Family, historical Family, and reviewed non-overlapping cases, when friend-group membership is proposed, then only the conflicting active interval is rejected with a typed reason.",REVIEWED_CORRECTED,"The prior prohibition lacked validation behavior, interval semantics, phase, and package ownership.","CAN-LAM-PERSON-051 source trace and temporal group-membership package",AI_SEMANTIC_REVIEW,2026-08-01-final-blocker-removal,,"Added interval-aware validation and mapped it to group membership."
