occurrence_id,source_type,record_id,field,term,classification,text,rationale
BAR-0001,requirement,CAN-FAIL-05,source_text,backup,Legitimate future product backup feature,"FAIL-05; Creating physical directories on disk for People, Groups, Albums, or Tags.; Lacked explicit distinction between physical placement classes and virtual views.; Category folders are forbidden. Valid physical classes are dated or unknown-date normalized Event Folders, Manage Later, Linked Folders, and explicit system-controlled backup/Trash/staging/cache/overlay/export locations.; Mapped zero-category-copy safety test.","Active product behavior concerns Lamha-managed user media or recovery data, not a planning repository copy."
BAR-0002,requirement,CAN-FAIL-22,source_text,backup,Legitimate future product backup feature,"FAIL-22; Inventing cloud backup, S3 sync, or multi-user login screens to make the app feature-rich.; Scope limits were not enforced against creative expansion.; Scope Drift Prohibition: Zero cloud, remote sync, multi-user accounts, or server listening sockets are permitted. Local desktop only.; Linter & architectural dependency review.","Active product behavior concerns Lamha-managed user media or recovery data, not a planning repository copy."
BAR-0003,requirement,CAN-LAM-AI-066,statement,backup,Superseded,"The final Lamha desktop runtime must not retain or require as defined in File 1, Lamha-normalized managed storage is event-first (Year/YYYY-MM-DDEvent-Name/ or Unknown Date/Unknown-DateEvent-Name/). The only other valid placement classes are Manage Later, Linked Folders, and explicit system-controlled backup/Trash/staging/cache/overlay/export locations. A weaker coding model MUST NEVER create category folders for People, Groups, Relationships, Albums, or Tags or copy authoritative media to simulate categorization.",Inactive source trace; it cannot instruct implementation.
BAR-0004,requirement,CAN-LAM-AI-066,source_text,backup,Superseded,"As defined in File 1, Lamha-normalized managed storage is event-first (Year/YYYY-MM-DD_Event-Name/ or Unknown Date/Unknown-Date_Event-Name/). The only other valid placement classes are Manage Later, Linked Folders, and explicit system-controlled backup/Trash/staging/cache/overlay/export locations. A weaker coding model MUST NEVER create category folders for People, Groups, Relationships, Albums, or Tags or copy authoritative media to simulate categorization.",Inactive source trace; it cannot instruct implementation.
BAR-0005,requirement,CAN-LAM-AI-066,acceptance_criteria,backup,Superseded,"ACCEPT::Implementation must honor this constraint: As defined in File 1, Lamha-normalized managed storage is event-first (Year/YYYY-MM-DDEvent-Name/ or Unknown Date/Unknown-DateEvent-Name/). The only other valid placement classes are Manage Later, Linked Folders, and explicit system-controlled backup/Trash/staging/cache/overlay/export locations. A weaker coding model MUST NEVER create category folders for People, Groups, Relationships, Albums, or Tags or copy authoritative media to simulate categorization.",Inactive source trace; it cannot instruct implementation.
BAR-0006,requirement,CAN-LAM-AI-081,statement,Backup,Legitimate future product backup feature,"When AI cache rebuild participates in Phase 13 — Backup, Trash & Rebuild, the authoritative record or transaction must persist its revision and provenance before derived-index publication, and any failed write must leave a recoverable prior state.","Active product behavior concerns Lamha-managed user media or recovery data, not a planning repository copy."
BAR-0007,requirement,CAN-LAM-ARCH-405,statement,Backup,Legitimate future product backup feature,"When the Phase 13 — Backup, Trash & Rebuild workflow reads or changes Sidecar verification, it must preserve the value, authority, and provenance in the appropriate durable record and expose the resulting revision to the derived index. Missing, malformed, or conflicting input must be reported without discarding the last valid value.","Active product behavior concerns Lamha-managed user media or recovery data, not a planning repository copy."
BAR-0008,requirement,CAN-LAM-ASSET-019,statement,backup,Superseded,Lamha must provide Original GPS coordinates; Embedded EXIF at ingestion; Asset JSON source snapshot; SQLite index; Preserve for provenance until a reviewed privacy operation deliberately removes it from the media; the pre-mutation snapshot remains in backup.,Inactive source trace; it cannot instruct implementation.
BAR-0009,requirement,CAN-LAM-ASSET-019,source_text,backup,Superseded,Original GPS coordinates; Embedded EXIF at ingestion; Asset JSON source snapshot; SQLite index; Preserve for provenance until a reviewed privacy operation deliberately removes it from the media; the pre-mutation snapshot remains in backup.,Inactive source trace; it cannot instruct implementation.
BAR-0010,requirement,CAN-LAM-ASSET-019,acceptance_criteria,backup,Superseded,ACCEPT::Lamha must provide Original GPS coordinates; Embedded EXIF at ingestion; Asset JSON source snapshot; SQLite index; Preserve for provenance until a reviewed privacy operation deliberately removes it from the media; the pre-mutation snapshot remains in backup.,Inactive source trace; it cannot instruct implementation.
BAR-0011,requirement,CAN-LAM-ASSET-025,statement,backup,Superseded,"Recorded evidence must demonstrate: The rows above lock authority and behaviour, not serialization. Phase 1 target-schema mapping must select the exact schema-version field name and initial value, JSON key spellings, database filename, table/column/index names, and migration framework. Each authoritative JSON format requires formal validation, migration rules, backward compatibility, appropriate unknown-field preservation, future-version safety, corruption handling, backup/restore, and tests.",Inactive source trace; it cannot instruct implementation.
BAR-0012,requirement,CAN-LAM-ASSET-025,source_text,backup,Superseded,"The rows above lock authority and behaviour, not serialization. Phase 1 target-schema mapping must select the exact schema-version field name and initial value, JSON key spellings, database filename, table/column/index names, and migration framework. Each authoritative JSON format requires formal validation, migration rules, backward compatibility, appropriate unknown-field preservation, future-version safety, corruption handling, backup/restore, and tests.",Inactive source trace; it cannot instruct implementation.
BAR-0013,requirement,CAN-LAM-ASSET-034,statement,backup,Superseded,"Lamha must provide Physical Storage: Exactly one physical media file on disk per asset bundle, strictly organized under Year/YYYY-MM-DDEvent-Name/Photos/ (or Videos/, .backup/) or Unknown Date/Unknown-DateEvent-Name/.",Inactive source trace; it cannot instruct implementation.
BAR-0014,requirement,CAN-LAM-ASSET-034,source_text,backup,Superseded,"Physical Storage: Exactly one physical media file on disk per asset bundle, strictly organized under Year/YYYY-MM-DD_Event-Name/Photos/ (or Videos/, .backup/) or Unknown Date/Unknown-Date_Event-Name/.",Inactive source trace; it cannot instruct implementation.
BAR-0015,requirement,CAN-LAM-ASSET-034,acceptance_criteria,backup,Superseded,"ACCEPT::Lamha must provide Physical Storage: Exactly one physical media file on disk per asset bundle, strictly organized under Year/YYYY-MM-DDEvent-Name/Photos/ (or Videos/, .backup/) or Unknown Date/Unknown-DateEvent-Name/.",Inactive source trace; it cannot instruct implementation.
BAR-0016,requirement,CAN-LAM-ASSET-041,title,Backup,Superseded,Backup before direct media mutation,Inactive source trace; it cannot instruct implementation.
BAR-0017,requirement,CAN-LAM-ASSET-041,statement,Backup,Superseded,The final Lamha desktop runtime must not retain or require Backup before direct media mutation.,Inactive source trace; it cannot instruct implementation.
BAR-0018,requirement,CAN-LAM-ASSET-041,source_text,Backup,Superseded,Backup before direct media mutation,Inactive source trace; it cannot instruct implementation.
BAR-0019,requirement,CAN-LAM-ASSET-043,source_text,backup,Legitimate future product backup feature,Each library profile has one writable Primary Library Root. The required baseline structure is: Media Library/ / │ / ├── Manage Later/ / │   ├── IMG_1001.jpg / │   ├── VID_1002.mp4 / │   └── Existing-Unsorted-Folder/ / │ / ├── 2025/ / │   └── 2025-12-31_New-Year-Hangout/ / │       ├── Photos/ / │       ├── Videos/ / │       ├── event.json / │       ├── event.xmp / │       └── .backup/ / │ / ├── 2026/ / │   ├── 2026-03-30_Eid/ / │   │   ├── Photos/ / │   │   ├── Videos/ / │   │   ├── event.json / │   │   ├── event.xmp / │   │   └── .backup/ / │   │ / │   └── 2026-07-18_Gooners-Hangout/ / │       ├── Photos/ / │       ├── Videos/ / │       ├── event.json / │       ├── event.xmp / │       └── .backup/ / │ / ├── Unknown Date/ / │   └── Unknown-Date_Family-Trip/ / │       ├── Photos/ / │       ├── Videos/ / │       ├── event.json / │       ├── event.xmp / │       └── .backup/ / │ / └── .app-data/ / ├── library.json / ├── root.json / ├── manifests/ / ├── trash/ / ├── people/ / ├── groups/ / ├── relationships/ / ├── events/ / ├── maps/ / ├── tags/ / ├── albums/ / ├── operations/ / ├── review-decisions/ / └── backups/,"Active product behavior concerns Lamha-managed user media or recovery data, not a planning repository copy."
BAR-0020,requirement,CAN-LAM-ASSET-043,source_text,backup,Legitimate future product backup feature,Each library profile has one writable Primary Library Root. The required baseline structure is: Media Library/ / │ / ├── Manage Later/ / │   ├── IMG_1001.jpg / │   ├── VID_1002.mp4 / │   └── Existing-Unsorted-Folder/ / │ / ├── 2025/ / │   └── 2025-12-31_New-Year-Hangout/ / │       ├── Photos/ / │       ├── Videos/ / │       ├── event.json / │       ├── event.xmp / │       └── .backup/ / │ / ├── 2026/ / │   ├── 2026-03-30_Eid/ / │   │   ├── Photos/ / │   │   ├── Videos/ / │   │   ├── event.json / │   │   ├── event.xmp / │   │   └── .backup/ / │   │ / │   └── 2026-07-18_Gooners-Hangout/ / │       ├── Photos/ / │       ├── Videos/ / │       ├── event.json / │       ├── event.xmp / │       └── .backup/ / │ / ├── Unknown Date/ / │   └── Unknown-Date_Family-Trip/ / │       ├── Photos/ / │       ├── Videos/ / │       ├── event.json / │       ├── event.xmp / │       └── .backup/ / │ / └── .app-data/ / ├── library.json / ├── root.json / ├── manifests/ / ├── trash/ / ├── people/ / ├── groups/ / ├── relationships/ / ├── events/ / ├── maps/ / ├── tags/ / ├── albums/ / ├── operations/ / ├── review-decisions/ / └── backups/,"Active product behavior concerns Lamha-managed user media or recovery data, not a planning repository copy."
BAR-0021,requirement,CAN-LAM-ASSET-043,source_text,backup,Legitimate future product backup feature,Each library profile has one writable Primary Library Root. The required baseline structure is: Media Library/ / │ / ├── Manage Later/ / │   ├── IMG_1001.jpg / │   ├── VID_1002.mp4 / │   └── Existing-Unsorted-Folder/ / │ / ├── 2025/ / │   └── 2025-12-31_New-Year-Hangout/ / │       ├── Photos/ / │       ├── Videos/ / │       ├── event.json / │       ├── event.xmp / │       └── .backup/ / │ / ├── 2026/ / │   ├── 2026-03-30_Eid/ / │   │   ├── Photos/ / │   │   ├── Videos/ / │   │   ├── event.json / │   │   ├── event.xmp / │   │   └── .backup/ / │   │ / │   └── 2026-07-18_Gooners-Hangout/ / │       ├── Photos/ / │       ├── Videos/ / │       ├── event.json / │       ├── event.xmp / │       └── .backup/ / │ / ├── Unknown Date/ / │   └── Unknown-Date_Family-Trip/ / │       ├── Photos/ / │       ├── Videos/ / │       ├── event.json / │       ├── event.xmp / │       └── .backup/ / │ / └── .app-data/ / ├── library.json / ├── root.json / ├── manifests/ / ├── trash/ / ├── people/ / ├── groups/ / ├── relationships/ / ├── events/ / ├── maps/ / ├── tags/ / ├── albums/ / ├── operations/ / ├── review-decisions/ / └── backups/,"Active product behavior concerns Lamha-managed user media or recovery data, not a planning repository copy."
BAR-0022,requirement,CAN-LAM-ASSET-043,source_text,backup,Legitimate future product backup feature,Each library profile has one writable Primary Library Root. The required baseline structure is: Media Library/ / │ / ├── Manage Later/ / │   ├── IMG_1001.jpg / │   ├── VID_1002.mp4 / │   └── Existing-Unsorted-Folder/ / │ / ├── 2025/ / │   └── 2025-12-31_New-Year-Hangout/ / │       ├── Photos/ / │       ├── Videos/ / │       ├── event.json / │       ├── event.xmp / │       └── .backup/ / │ / ├── 2026/ / │   ├── 2026-03-30_Eid/ / │   │   ├── Photos/ / │   │   ├── Videos/ / │   │   ├── event.json / │   │   ├── event.xmp / │   │   └── .backup/ / │   │ / │   └── 2026-07-18_Gooners-Hangout/ / │       ├── Photos/ / │       ├── Videos/ / │       ├── event.json / │       ├── event.xmp / │       └── .backup/ / │ / ├── Unknown Date/ / │   └── Unknown-Date_Family-Trip/ / │       ├── Photos/ / │       ├── Videos/ / │       ├── event.json / │       ├── event.xmp / │       └── .backup/ / │ / └── .app-data/ / ├── library.json / ├── root.json / ├── manifests/ / ├── trash/ / ├── people/ / ├── groups/ / ├── relationships/ / ├── events/ / ├── maps/ / ├── tags/ / ├── albums/ / ├── operations/ / ├── review-decisions/ / └── backups/,"Active product behavior concerns Lamha-managed user media or recovery data, not a planning repository copy."
BAR-0023,requirement,CAN-LAM-ASSET-047,source_text,backup,Legitimate future product backup feature,"with the same Photos/, Videos/, event.json, event.xmp, and .backup/ contents as a dated event. Lamha must not invent a calendar date.","Active product behavior concerns Lamha-managed user media or recovery data, not a planning repository copy."
BAR-0024,requirement,CAN-LAM-ASSET-069,statement,backup,Legitimate future product backup feature,"Every in-scope user media, Event, Manage Later, and Linked Folder may be represented by a node. System-controlled .app-data/, .backup/, cache, Trash, manifest, and staging directories are excluded from the organizational map and appear only in diagnostics when necessary.","Active product behavior concerns Lamha-managed user media or recovery data, not a planning repository copy."
BAR-0025,requirement,CAN-LAM-ASSET-069,source_text,backup,Legitimate future product backup feature,"Every in-scope user media, Event, Manage Later, and Linked Folder may be represented by a node. System-controlled .app-data/, .backup/, cache, Trash, manifest, and staging directories are excluded from the organizational map and appear only in diagnostics when necessary.","Active product behavior concerns Lamha-managed user media or recovery data, not a planning repository copy."
BAR-0026,requirement,CAN-LAM-ASSET-069,acceptance_criteria,backup,Legitimate future product backup feature,"ACCEPT::Every in-scope user media, Event, Manage Later, and Linked Folder may be represented by a node. System-controlled .app-data/, .backup/, cache, Trash, manifest, and staging directories are excluded from the organizational map and appear only in diagnostics when necessary.","Active product behavior concerns Lamha-managed user media or recovery data, not a planning repository copy."
BAR-0027,requirement,CAN-LAM-ASSET-101,statement,backup,Superseded,Lamha must provide Original embedded camera metadata; Embedded media at ingestion plus immutable snapshot; Asset JSON backup.,Inactive source trace; it cannot instruct implementation.
BAR-0028,requirement,CAN-LAM-ASSET-101,source_text,backup,Superseded,Original embedded camera metadata; Embedded media at ingestion plus immutable snapshot; Asset JSON backup,Inactive source trace; it cannot instruct implementation.
BAR-0029,requirement,CAN-LAM-ASSET-101,acceptance_criteria,backup,Superseded,ACCEPT::Lamha must provide Original embedded camera metadata; Embedded media at ingestion plus immutable snapshot; Asset JSON backup.,Inactive source trace; it cannot instruct implementation.
BAR-0030,requirement,CAN-LAM-ASSET-119,statement,backup,Superseded,"Lamha must preserve this invariant: Approved User Metadata: Explicitly confirmed or manually entered user metadata (confirmed person names, confirmed relationships, approved tags, assigned events, manual dates). Stored authoritatively in .asset.json, event.json, person.json, etc., and backed up in .backup/.",Inactive source trace; it cannot instruct implementation.
BAR-0031,requirement,CAN-LAM-ASSET-119,source_text,backup,Superseded,"Approved User Metadata: Explicitly confirmed or manually entered user metadata (confirmed person names, confirmed relationships, approved tags, assigned events, manual dates). Stored authoritatively in .asset.json, event.json, person.json, etc., and backed up in .backup/.",Inactive source trace; it cannot instruct implementation.
BAR-0032,requirement,CAN-LAM-ASSET-119,acceptance_criteria,backup,Superseded,"ACCEPT::Lamha must preserve this invariant: Approved User Metadata: Explicitly confirmed or manually entered user metadata (confirmed person names, confirmed relationships, approved tags, assigned events, manual dates). Stored authoritatively in .asset.json, event.json, person.json, etc., and backed up in .backup/.",Inactive source trace; it cannot instruct implementation.
BAR-0033,requirement,CAN-LAM-ASSET-139,title,Backup,Legitimate future product backup feature,"Backup copies are recovery artifacts, not managed gallery assets. They must be excluded from...","Active product behavior concerns Lamha-managed user media or recovery data, not a planning repository copy."
BAR-0034,requirement,CAN-LAM-ASSET-139,statement,Backup,Legitimate future product backup feature,"Backup copies are recovery artifacts, not managed gallery assets. They must be excluded from scanning, smart views, duplicate counts, and the single-authoritative-location rule until an explicit restore commits them.","Active product behavior concerns Lamha-managed user media or recovery data, not a planning repository copy."
BAR-0035,requirement,CAN-LAM-ASSET-139,source_text,Backup,Legitimate future product backup feature,"Backup copies are recovery artifacts, not managed gallery assets. They must be excluded from scanning, smart views, duplicate counts, and the single-authoritative-location rule until an explicit restore commits them.","Active product behavior concerns Lamha-managed user media or recovery data, not a planning repository copy."
BAR-0036,requirement,CAN-LAM-ASSET-139,acceptance_criteria,Backup,Legitimate future product backup feature,"ACCEPT::Backup copies are recovery artifacts, not managed gallery assets. They must be excluded from scanning, smart views, duplicate counts, and the single-authoritative-location rule until an explicit restore commits them.","Active product behavior concerns Lamha-managed user media or recovery data, not a planning repository copy."
BAR-0037,requirement,CAN-LAM-ASSET-173,title,backup,Superseded,Rewriting media without backup,Inactive source trace; it cannot instruct implementation.
BAR-0038,requirement,CAN-LAM-ASSET-173,statement,backup,Superseded,The final Lamha desktop runtime must not retain or require Rewriting media without backup.,Inactive source trace; it cannot instruct implementation.
BAR-0039,requirement,CAN-LAM-ASSET-173,source_text,backup,Superseded,Rewriting media without backup,Inactive source trace; it cannot instruct implementation.
BAR-0040,requirement,CAN-LAM-BACKUP-001,title,Backup,Superseded,Backup,Inactive source trace; it cannot instruct implementation.
BAR-0041,requirement,CAN-LAM-BACKUP-001,statement,Backup,Superseded,The final Lamha desktop runtime must not retain or require Backup.,Inactive source trace; it cannot instruct implementation.
BAR-0042,requirement,CAN-LAM-BACKUP-001,source_text,Backup,Superseded,Backup,Inactive source trace; it cannot instruct implementation.
BAR-0043,requirement,CAN-LAM-BACKUP-004,title,Backup,Legitimate future product backup feature,Backup manifests,"Active product behavior concerns Lamha-managed user media or recovery data, not a planning repository copy."
BAR-0044,requirement,CAN-LAM-BACKUP-004,statement,Backup,Legitimate future product backup feature,"When the 2.4 Transparent and recoverable metadata workflow reads or changes Backup manifests, it must preserve the value, authority, and provenance in the appropriate durable record and expose the resulting revision to the derived index. Missing, malformed, or conflicting input must be reported without discarding the last valid value.","Active product behavior concerns Lamha-managed user media or recovery data, not a planning repository copy."
BAR-0045,requirement,CAN-LAM-BACKUP-004,source_text,Backup,Legitimate future product backup feature,Backup manifests,"Active product behavior concerns Lamha-managed user media or recovery data, not a planning repository copy."
BAR-0046,requirement,CAN-LAM-BACKUP-006,title,Backup,Superseded,Backup actions,Inactive source trace; it cannot instruct implementation.
BAR-0047,requirement,CAN-LAM-BACKUP-006,statement,Backup,Superseded,The final Lamha desktop runtime must not retain or require Backup actions.,Inactive source trace; it cannot instruct implementation.
BAR-0048,requirement,CAN-LAM-BACKUP-006,source_text,Backup,Superseded,Backup actions,Inactive source trace; it cannot instruct implementation.
BAR-0049,requirement,CAN-LAM-BACKUP-008,title,backup,Superseded,Mobile backup infrastructure,Inactive source trace; it cannot instruct implementation.
BAR-0050,requirement,CAN-LAM-BACKUP-008,statement,backup,Superseded,The final Lamha desktop runtime must not retain or require Mobile backup infrastructure.,Inactive source trace; it cannot instruct implementation.
BAR-0051,requirement,CAN-LAM-BACKUP-008,source_text,backup,Superseded,Mobile backup infrastructure,Inactive source trace; it cannot instruct implementation.
BAR-0052,requirement,CAN-LAM-BACKUP-009,statement,backup,Superseded,"Recorded evidence must demonstrate: Phase 16: Final cleanup removes remaining obsolete server, Docker, PostgreSQL, Redis, auth, sharing, mobile-backup, administration, dependency, generated-client, environment, documentation, and runtime-launch remnants, then performs repository-wide scans and packaging proof. It does not postpone already safe removals merely because of phase numbering.",Inactive source trace; it cannot instruct implementation.
BAR-0053,requirement,CAN-LAM-BACKUP-009,source_text,backup,Superseded,"Phase 16: Final cleanup removes remaining obsolete server, Docker, PostgreSQL, Redis, auth, sharing, mobile-backup, administration, dependency, generated-client, environment, documentation, and runtime-launch remnants, then performs repository-wide scans and packaging proof. It does not postpone already safe removals merely because of phase numbering.",Inactive source trace; it cannot instruct implementation.
BAR-0054,requirement,CAN-LAM-BACKUP-010,title,backup,Superseded,Server database backups as the only backup method,Inactive source trace; it cannot instruct implementation.
BAR-0055,requirement,CAN-LAM-BACKUP-010,statement,backup,Superseded,The final Lamha desktop runtime must not retain or require Server database backups as the only backup method.,Inactive source trace; it cannot instruct implementation.
BAR-0056,requirement,CAN-LAM-BACKUP-010,source_text,backup,Superseded,Server database backups as the only backup method,Inactive source trace; it cannot instruct implementation.
BAR-0057,requirement,CAN-LAM-BACKUP-011,title,backup,Superseded,Delete the Immich server-side mobile backup product,Inactive source trace; it cannot instruct implementation.
BAR-0058,requirement,CAN-LAM-BACKUP-011,statement,backup,Superseded,The final Lamha desktop runtime must not retain or require Delete the Immich server-side mobile backup product.,Inactive source trace; it cannot instruct implementation.
BAR-0059,requirement,CAN-LAM-BACKUP-011,source_text,backup,Superseded,Delete the Immich server-side mobile backup product:,Inactive source trace; it cannot instruct implementation.
BAR-0060,requirement,CAN-LAM-BACKUP-012,title,backup,Superseded,Mobile backup endpoints,Inactive source trace; it cannot instruct implementation.
BAR-0061,requirement,CAN-LAM-BACKUP-012,statement,backup,Superseded,The final Lamha desktop runtime must not retain or require Mobile backup endpoints.,Inactive source trace; it cannot instruct implementation.
BAR-0062,requirement,CAN-LAM-BACKUP-012,source_text,backup,Superseded,Mobile backup endpoints,Inactive source trace; it cannot instruct implementation.
BAR-0063,requirement,CAN-LAM-BACKUP-013,title,backup,Superseded,Remote camera roll backup,Inactive source trace; it cannot instruct implementation.
BAR-0064,requirement,CAN-LAM-BACKUP-013,statement,backup,Superseded,The final Lamha desktop runtime must not retain or require Remote camera roll backup.,Inactive source trace; it cannot instruct implementation.
BAR-0065,requirement,CAN-LAM-BACKUP-013,source_text,backup,Superseded,Remote camera roll backup,Inactive source trace; it cannot instruct implementation.
BAR-0066,requirement,CAN-LAM-BACKUP-014,title,backup,Superseded,Mobile backup status pages,Inactive source trace; it cannot instruct implementation.
BAR-0067,requirement,CAN-LAM-BACKUP-014,statement,backup,Superseded,The final Lamha desktop runtime must not retain or require Mobile backup status pages.,Inactive source trace; it cannot instruct implementation.
BAR-0068,requirement,CAN-LAM-BACKUP-014,source_text,backup,Superseded,Mobile backup status pages,Inactive source trace; it cannot instruct implementation.
BAR-0069,requirement,CAN-LAM-BACKUP-015,title,backup,Superseded,Server notifications for mobile backup,Inactive source trace; it cannot instruct implementation.
BAR-0070,requirement,CAN-LAM-BACKUP-015,statement,backup,Superseded,The final Lamha desktop runtime must not retain or require Server notifications for mobile backup.,Inactive source trace; it cannot instruct implementation.
BAR-0071,requirement,CAN-LAM-BACKUP-015,source_text,backup,Superseded,Server notifications for mobile backup,Inactive source trace; it cannot instruct implementation.
BAR-0072,requirement,CAN-LAM-BACKUP-016,title,Backup,Superseded,Backup state,Inactive source trace; it cannot instruct implementation.
BAR-0073,requirement,CAN-LAM-BACKUP-016,statement,Backup,Superseded,The final Lamha desktop runtime must not retain or require Backup state.,Inactive source trace; it cannot instruct implementation.
BAR-0074,requirement,CAN-LAM-BACKUP-016,source_text,Backup,Superseded,Backup state,Inactive source trace; it cannot instruct implementation.
BAR-0075,requirement,CAN-LAM-BACKUP-017,title,backup,Superseded,Cloud backup,Inactive source trace; it cannot instruct implementation.
BAR-0076,requirement,CAN-LAM-BACKUP-017,statement,backup,Superseded,The final Lamha desktop runtime must not retain or require Cloud backup.,Inactive source trace; it cannot instruct implementation.
BAR-0077,requirement,CAN-LAM-BACKUP-017,source_text,backup,Superseded,Cloud backup,Inactive source trace; it cannot instruct implementation.
BAR-0078,requirement,CAN-LAM-BACKUP-018,title,backup,Superseded,Mobile backup,Inactive source trace; it cannot instruct implementation.
BAR-0079,requirement,CAN-LAM-BACKUP-018,statement,backup,Superseded,The final Lamha desktop runtime must not retain or require Mobile backup.,Inactive source trace; it cannot instruct implementation.
BAR-0080,requirement,CAN-LAM-BACKUP-018,source_text,backup,Superseded,Mobile backup,Inactive source trace; it cannot instruct implementation.
BAR-0081,requirement,CAN-LAM-BACKUP-019,title,backup,Superseded,Dead mobile-backup modules,Inactive source trace; it cannot instruct implementation.
BAR-0082,requirement,CAN-LAM-BACKUP-019,statement,backup,Superseded,The final Lamha desktop runtime must not retain or require dead mobile-backup modules.,Inactive source trace; it cannot instruct implementation.
BAR-0083,requirement,CAN-LAM-BACKUP-019,source_text,backup,Superseded,Dead mobile-backup modules,Inactive source trace; it cannot instruct implementation.
BAR-0084,requirement,CAN-LAM-BACKUP-019,acceptance_criteria,backup,Superseded,ACCEPT::Implementation must honor this constraint: Dead mobile-backup modules.,Inactive source trace; it cannot instruct implementation.
BAR-0085,requirement,CAN-LAM-BACKUP-020,title,backup,Legitimate future product backup feature,Global backup,"Active product behavior concerns Lamha-managed user media or recovery data, not a planning repository copy."
BAR-0086,requirement,CAN-LAM-BACKUP-020,statement,backup,Legitimate future product backup feature,"When Global backup participates in Phase 13 — Backup, Trash & Rebuild, the authoritative record or transaction must persist its revision and provenance before derived-index publication, and any failed write must leave a recoverable prior state.","Active product behavior concerns Lamha-managed user media or recovery data, not a planning repository copy."
BAR-0087,requirement,CAN-LAM-BACKUP-020,statement,Backup,Legitimate future product backup feature,"When Global backup participates in Phase 13 — Backup, Trash & Rebuild, the authoritative record or transaction must persist its revision and provenance before derived-index publication, and any failed write must leave a recoverable prior state.","Active product behavior concerns Lamha-managed user media or recovery data, not a planning repository copy."
BAR-0088,requirement,CAN-LAM-BACKUP-020,source_text,backup,Legitimate future product backup feature,Global backup,"Active product behavior concerns Lamha-managed user media or recovery data, not a planning repository copy."
BAR-0089,requirement,CAN-LAM-BACKUP-020,acceptance_criteria,backup,Legitimate future product backup feature,ACCEPT::Implementation must honor this constraint: Global backup.,"Active product behavior concerns Lamha-managed user media or recovery data, not a planning repository copy."
BAR-0090,requirement,CAN-LAM-BACKUP-021,statement,Backup,Legitimate future product backup feature,"When Index rebuild participates in Phase 13 — Backup, Trash & Rebuild, the authoritative record or transaction must persist its revision and provenance before derived-index publication, and any failed write must leave a recoverable prior state.","Active product behavior concerns Lamha-managed user media or recovery data, not a planning repository copy."
BAR-0091,requirement,CAN-LAM-BACKUP-022,title,backup,Superseded,"Remove remaining auth, sharing, mobile-backup, and administration remnants",Inactive source trace; it cannot instruct implementation.
BAR-0092,requirement,CAN-LAM-BACKUP-022,statement,backup,Superseded,"Recorded evidence must demonstrate: Remove remaining auth, sharing, mobile-backup, and administration remnants.",Inactive source trace; it cannot instruct implementation.
BAR-0093,requirement,CAN-LAM-BACKUP-022,source_text,backup,Superseded,"Remove remaining auth, sharing, mobile-backup, and administration remnants",Inactive source trace; it cannot instruct implementation.
BAR-0094,requirement,CAN-LAM-BACKUP-024,title,backup,Legitimate future product backup feature,backup/ and .app-data/ are excluded from the gallery,"Active product behavior concerns Lamha-managed user media or recovery data, not a planning repository copy."
BAR-0095,requirement,CAN-LAM-BACKUP-024,statement,backup,Legitimate future product backup feature,"When the user uses backup/ and .app-data/ are excluded from the gallery in 24.4 Safety proofs, the interface must expose the resulting selection, position, or view state from local data, remain keyboard-operable, and retain the prior stable view if loading fails.","Active product behavior concerns Lamha-managed user media or recovery data, not a planning repository copy."
BAR-0096,requirement,CAN-LAM-BACKUP-024,source_text,backup,Legitimate future product backup feature,.backup/ and .app-data/ are excluded from the gallery.,"Active product behavior concerns Lamha-managed user media or recovery data, not a planning repository copy."
BAR-0097,requirement,CAN-LAM-BACKUP-024,acceptance_criteria,backup,Legitimate future product backup feature,ACCEPT::Lamha must provide backup/ and .app-data/ are excluded from the gallery.,"Active product behavior concerns Lamha-managed user media or recovery data, not a planning repository copy."
BAR-0098,requirement,CAN-LAM-BACKUP-025,title,Backup,Superseded,Backup works,Inactive source trace; it cannot instruct implementation.
BAR-0099,requirement,CAN-LAM-BACKUP-025,statement,Backup,Superseded,Recorded evidence must demonstrate: Backup works.,Inactive source trace; it cannot instruct implementation.
BAR-0100,requirement,CAN-LAM-BACKUP-025,source_text,Backup,Superseded,Backup works.,Inactive source trace; it cannot instruct implementation.
BAR-0101,requirement,CAN-LAM-EVENT-085,statement,Backup,Legitimate future product backup feature,"When Event backups participates in Phase 13 — Backup, Trash & Rebuild, the authoritative record or transaction must persist its revision and provenance before derived-index publication, and any failed write must leave a recoverable prior state.","Active product behavior concerns Lamha-managed user media or recovery data, not a planning repository copy."
BAR-0102,requirement,CAN-LAM-FOLDER-005,statement,backup,Legitimate future product backup feature,"Authorized Path Set: Library Roots, Lamha-owned OS application-data/cache paths, Lamha-created root-scoped backup/Trash/staging paths, and individual import/export destinations explicitly selected by the user. Lamha must not recursively scan or mutate any other path.","Active product behavior concerns Lamha-managed user media or recovery data, not a planning repository copy."
BAR-0103,requirement,CAN-LAM-FOLDER-005,source_text,backup,Legitimate future product backup feature,"Authorized Path Set: Library Roots, Lamha-owned OS application-data/cache paths, Lamha-created root-scoped backup/Trash/staging paths, and individual import/export destinations explicitly selected by the user. Lamha must not recursively scan or mutate any other path.","Active product behavior concerns Lamha-managed user media or recovery data, not a planning repository copy."
BAR-0104,requirement,CAN-LAM-GOV-018,title,archive,Legitimate future product backup feature,"Git history, a commit, signed inventory, archive, snapshot, behaviour logs, graph hashes, or...","Active product behavior concerns Lamha-managed user media or recovery data, not a planning repository copy."
BAR-0105,requirement,CAN-LAM-GOV-018,statement,archive,Legitimate future product backup feature,"Git history, a commit, signed inventory, archive, snapshot, behaviour logs, graph hashes, or test records may preserve the baseline; active obsolete files need not remain solely for ceremony.","Active product behavior concerns Lamha-managed user media or recovery data, not a planning repository copy."
BAR-0106,requirement,CAN-LAM-GOV-018,source_text,archive,Legitimate future product backup feature,"Git history, a commit, signed inventory, archive, snapshot, behaviour logs, graph hashes, or test records may preserve the baseline; active obsolete files need not remain solely for ceremony.","Active product behavior concerns Lamha-managed user media or recovery data, not a planning repository copy."
BAR-0107,requirement,CAN-LAM-GOV-018,acceptance_criteria,archive,Legitimate future product backup feature,"ACCEPT::Git history, a commit, signed inventory, archive, snapshot, behaviour logs, graph hashes, or test records may preserve the baseline; active obsolete files need not remain solely for ceremony.","Active product behavior concerns Lamha-managed user media or recovery data, not a planning repository copy."
BAR-0108,requirement,CAN-LAM-GOV-032,statement,backup,Superseded,"Recorded evidence must demonstrate: Gate 7; Transaction, Recovery & Data-Safety Proof; Failure injection proves no authoritative bundle/metadata loss, partial commit, or unrecoverable mutation.; Filesystem or authoritative metadata mutation, Trash, backup, overlay, and recovery work.; Failure scenario, pre/post hashes/state, and recovery log.",Inactive source trace; it cannot instruct implementation.
BAR-0109,requirement,CAN-LAM-GOV-032,source_text,backup,Superseded,"Gate 7; Transaction, Recovery & Data-Safety Proof; Failure injection proves no authoritative bundle/metadata loss, partial commit, or unrecoverable mutation.; Filesystem or authoritative metadata mutation, Trash, backup, overlay, and recovery work.; Failure scenario, pre/post hashes/state, and recovery log.",Inactive source trace; it cannot instruct implementation.
BAR-0110,requirement,CAN-LAM-GOV-048,title,Backup,Superseded,"13; Backup, Trash & Rebuild; Durable backup/history, root-scoped Trash, restore, and...",Inactive source trace; it cannot instruct implementation.
BAR-0111,requirement,CAN-LAM-GOV-048,title,backup,Superseded,"13; Backup, Trash & Rebuild; Durable backup/history, root-scoped Trash, restore, and...",Inactive source trace; it cannot instruct implementation.
BAR-0112,requirement,CAN-LAM-GOV-048,statement,Backup,Superseded,"Implementation must honor this constraint: 13; Backup, Trash & Rebuild; Durable backup/history, root-scoped Trash, restore, and recovery after deleting SQLite/rebuildable caches are proven.",Inactive source trace; it cannot instruct implementation.
BAR-0113,requirement,CAN-LAM-GOV-048,statement,backup,Superseded,"Implementation must honor this constraint: 13; Backup, Trash & Rebuild; Durable backup/history, root-scoped Trash, restore, and recovery after deleting SQLite/rebuildable caches are proven.",Inactive source trace; it cannot instruct implementation.
BAR-0114,requirement,CAN-LAM-GOV-048,source_text,Backup,Superseded,"13; Backup, Trash & Rebuild; Durable backup/history, root-scoped Trash, restore, and recovery after deleting SQLite/rebuildable caches are proven.",Inactive source trace; it cannot instruct implementation.
BAR-0115,requirement,CAN-LAM-GOV-048,source_text,backup,Superseded,"13; Backup, Trash & Rebuild; Durable backup/history, root-scoped Trash, restore, and recovery after deleting SQLite/rebuildable caches are proven.",Inactive source trace; it cannot instruct implementation.
BAR-0116,requirement,CAN-LAM-GOV-048,acceptance_criteria,Backup,Superseded,"ACCEPT::Implementation must honor this constraint: 13; Backup, Trash & Rebuild; Durable backup/history, root-scoped Trash, restore, and recovery after deleting SQLite/rebuildable caches are proven.",Inactive source trace; it cannot instruct implementation.
BAR-0117,requirement,CAN-LAM-GOV-048,acceptance_criteria,backup,Superseded,"ACCEPT::Implementation must honor this constraint: 13; Backup, Trash & Rebuild; Durable backup/history, root-scoped Trash, restore, and recovery after deleting SQLite/rebuildable caches are proven.",Inactive source trace; it cannot instruct implementation.
BAR-0118,requirement,CAN-LAM-GOV-238,statement,backup,Legitimate future product backup feature,"For each managed asset mutation, Rust must treat the media file, authoritative sidecar, pending overlay, and operation journal as one transaction unit; controlled backup, trash, export, and cross-drive copies must never establish a second authoritative asset location.","Active product behavior concerns Lamha-managed user media or recovery data, not a planning repository copy."
BAR-0119,requirement,CAN-LAM-GOV-238,source_text,backup,Legitimate future product backup feature,"as one canonical steady-state transaction unit. Missing sidecars and Pending Overlays are visible degraded states. Cross-drive staging, backup, Trash, exports, and derivative assets follow the controlled-copy exceptions in File 1 and never establish two authoritative locations for one asset UUID.","Active product behavior concerns Lamha-managed user media or recovery data, not a planning repository copy."
BAR-0120,requirement,CAN-LAM-META-011,title,Backup,Legitimate future product backup feature,Operation history; Append-only operation JSON/journal; Backup manifest references; SQLite...,"Active product behavior concerns Lamha-managed user media or recovery data, not a planning repository copy."
BAR-0121,requirement,CAN-LAM-META-011,statement,Backup,Legitimate future product backup feature,"Operation history; Append-only operation JSON/journal; Backup manifest references; SQLite history index; SQLite is an index of the durable journal, not the sole history.","Active product behavior concerns Lamha-managed user media or recovery data, not a planning repository copy."
BAR-0122,requirement,CAN-LAM-META-011,source_text,Backup,Legitimate future product backup feature,"Operation history; Append-only operation JSON/journal; Backup manifest references; SQLite history index; SQLite is an index of the durable journal, not the sole history.","Active product behavior concerns Lamha-managed user media or recovery data, not a planning repository copy."
BAR-0123,requirement,CAN-LAM-META-011,acceptance_criteria,Backup,Legitimate future product backup feature,"ACCEPT::Operation history; Append-only operation JSON/journal; Backup manifest references; SQLite history index; SQLite is an index of the durable journal, not the sole history.","Active product behavior concerns Lamha-managed user media or recovery data, not a planning repository copy."
BAR-0124,requirement,CAN-LAM-META-020,title,backup,Superseded,"Explicit system-controlled backup, Trash, transaction staging, cache, overlay, or export...",Inactive source trace; it cannot instruct implementation.
BAR-0125,requirement,CAN-LAM-META-020,statement,backup,Superseded,"Lamha must provide Explicit system-controlled backup, Trash, transaction staging, cache, overlay, or export locations.",Inactive source trace; it cannot instruct implementation.
BAR-0126,requirement,CAN-LAM-META-020,source_text,backup,Superseded,"Explicit system-controlled backup, Trash, transaction staging, cache, overlay, or export locations.",Inactive source trace; it cannot instruct implementation.
BAR-0127,requirement,CAN-LAM-META-020,acceptance_criteria,backup,Superseded,"ACCEPT::Lamha must provide Explicit system-controlled backup, Trash, transaction staging, cache, overlay, or export locations.",Inactive source trace; it cannot instruct implementation.
BAR-0128,requirement,CAN-LAM-META-024,statement,backup,Legitimate future product backup feature,"Every authoritative JSON record MUST carry a schema-version field and have formal validation, migration rules, backward compatibility, appropriate unknown-field preservation, future-version safety, corruption handling, backup/restore, and tests.","Active product behavior concerns Lamha-managed user media or recovery data, not a planning repository copy."
BAR-0129,requirement,CAN-LAM-META-024,source_text,backup,Legitimate future product backup feature,"Every authoritative JSON record MUST carry a schema-version field and have formal validation, migration rules, backward compatibility, appropriate unknown-field preservation, future-version safety, corruption handling, backup/restore, and tests.","Active product behavior concerns Lamha-managed user media or recovery data, not a planning repository copy."
BAR-0130,requirement,CAN-LAM-META-024,acceptance_criteria,backup,Legitimate future product backup feature,"ACCEPT::Every authoritative JSON record MUST carry a schema-version field and have formal validation, migration rules, backward compatibility, appropriate unknown-field preservation, future-version safety, corruption handling, backup/restore, and tests.","Active product behavior concerns Lamha-managed user media or recovery data, not a planning repository copy."
BAR-0131,requirement,CAN-LAM-META-064,title,backup,Superseded,Automatic metadata rewrite without backup,Inactive source trace; it cannot instruct implementation.
BAR-0132,requirement,CAN-LAM-META-064,statement,backup,Superseded,The final Lamha desktop runtime must not retain or require Automatic metadata rewrite without backup.,Inactive source trace; it cannot instruct implementation.
BAR-0133,requirement,CAN-LAM-META-064,source_text,backup,Superseded,Automatic metadata rewrite without backup,Inactive source trace; it cannot instruct implementation.
BAR-0134,requirement,CAN-LAM-TEST-004,title,archive,Superseded,"Baseline preservation: Git history, a recorded commit, signed inventory, verified archive,...",Inactive source trace; it cannot instruct implementation.
BAR-0135,requirement,CAN-LAM-TEST-004,statement,archive,Superseded,"Recorded evidence must demonstrate: Baseline preservation: Git history, a recorded commit, signed inventory, verified archive, disposable snapshot, behaviour logs, Graphify graph hashes, or recorded test results may preserve baseline evidence.",Inactive source trace; it cannot instruct implementation.
BAR-0136,requirement,CAN-LAM-TEST-004,source_text,archive,Superseded,"Baseline preservation: Git history, a recorded commit, signed inventory, verified archive, disposable snapshot, behaviour logs, Graphify graph hashes, or recorded test results may preserve baseline evidence.",Inactive source trace; it cannot instruct implementation.
BAR-0137,requirement,CAN-LAM-TRANSACTION-004,title,Backup,Superseded,"Backup, Trash, and rollback copies are excluded from gallery/category scanning",Inactive source trace; it cannot instruct implementation.
BAR-0138,requirement,CAN-LAM-TRANSACTION-004,statement,Backup,Superseded,"Lamha must provide Backup, Trash, and rollback copies are excluded from gallery/category scanning.",Inactive source trace; it cannot instruct implementation.
BAR-0139,requirement,CAN-LAM-TRANSACTION-004,source_text,Backup,Superseded,"Backup, Trash, and rollback copies are excluded from gallery/category scanning.",Inactive source trace; it cannot instruct implementation.
BAR-0140,requirement,CAN-LAM-TRANSACTION-004,acceptance_criteria,Backup,Superseded,"ACCEPT::Lamha must provide Backup, Trash, and rollback copies are excluded from gallery/category scanning.",Inactive source trace; it cannot instruct implementation.
BAR-0141,requirement,CAN-LAM-TRANSACTION-013,title,backup,Superseded,Final pre-removal backup and rollback point,Inactive source trace; it cannot instruct implementation.
BAR-0142,requirement,CAN-LAM-TRANSACTION-013,statement,backup,Superseded,Implementation must honor this constraint: Final pre-removal backup and rollback point.,Inactive source trace; it cannot instruct implementation.
BAR-0143,requirement,CAN-LAM-TRANSACTION-013,source_text,backup,Superseded,Final pre-removal backup and rollback point,Inactive source trace; it cannot instruct implementation.
BAR-0144,requirement,CAN-LAM-TRANSACTION-013,acceptance_criteria,backup,Superseded,ACCEPT::Implementation must honor this constraint: Final pre-removal backup and rollback point.,Inactive source trace; it cannot instruct implementation.
BAR-0145,requirement,CAN-MISSION-I0-001,statement,archive,Prohibited,"During I0, the implementation team must inspect the existing Lamha repository in read-only mode and record its file inventory, SHA-256 manifest, available Git state, toolchain manifests, and provenance evidence only inside Graphify; it must create no archive, backup, repository copy, application mutation, or Git mutation.",Active I0 wording explicitly forbids a development-repository backup or archive.
BAR-0146,requirement,CAN-MISSION-I0-001,statement,backup,Prohibited,"During I0, the implementation team must inspect the existing Lamha repository in read-only mode and record its file inventory, SHA-256 manifest, available Git state, toolchain manifests, and provenance evidence only inside Graphify; it must create no archive, backup, repository copy, application mutation, or Git mutation.",Active I0 wording explicitly forbids a development-repository backup or archive.
BAR-0147,requirement,CAN-MISSION-I0-001,statement,repository copy,Prohibited,"During I0, the implementation team must inspect the existing Lamha repository in read-only mode and record its file inventory, SHA-256 manifest, available Git state, toolchain manifests, and provenance evidence only inside Graphify; it must create no archive, backup, repository copy, application mutation, or Git mutation.",Active I0 wording explicitly forbids a development-repository backup or archive.
BAR-0148,requirement,CAN-MISSION-I0-001,rationale,backup,Prohibited,The prior obligation directly violated the binding no-backup rule and omitted observable read-only integrity checks.,Active I0 wording explicitly forbids a development-repository backup or archive.
BAR-0149,requirement,CAN-MISSION-I0-001,source_text,immutable archive,Historical provenance only,Preserve an immutable archive of the supplied repository snapshot before any application-source mutation.,Original I0 wording is retained only as trace evidence for the reviewed correction.
BAR-0150,requirement,CAN-MISSION-I0-001,acceptance_criteria,archive,Prohibited,"Given the existing Lamha repository, when WP-I0-001 records provenance, then every evidence file is inside Graphify, the outside-Graphify hash comparison reports zero changes, and no archive, backup, copy, build output, cache, or Git mutation exists.",Active I0 wording explicitly forbids a development-repository backup or archive.
BAR-0151,requirement,CAN-MISSION-I0-001,acceptance_criteria,backup,Prohibited,"Given the existing Lamha repository, when WP-I0-001 records provenance, then every evidence file is inside Graphify, the outside-Graphify hash comparison reports zero changes, and no archive, backup, copy, build output, cache, or Git mutation exists.",Active I0 wording explicitly forbids a development-repository backup or archive.
BAR-0152,requirement,CAN-MISSION-I0-001,verification_method,archive,Prohibited,"Given the existing Lamha repository, when WP-I0-001 records provenance, then every evidence file is inside Graphify, the outside-Graphify hash comparison reports zero changes, and no archive, backup, copy, build output, cache, or Git mutation exists.",Active I0 wording explicitly forbids a development-repository backup or archive.
BAR-0153,requirement,CAN-MISSION-I0-001,verification_method,backup,Prohibited,"Given the existing Lamha repository, when WP-I0-001 records provenance, then every evidence file is inside Graphify, the outside-Graphify hash comparison reports zero changes, and no archive, backup, copy, build output, cache, or Git mutation exists.",Active I0 wording explicitly forbids a development-repository backup or archive.
BAR-0154,requirement,CAN-MISSION-I0-001,review_notes,archive,Prohibited,Replaced archive creation with read-only provenance and integrity evidence.,Active I0 wording explicitly forbids a development-repository backup or archive.
BAR-0155,requirement,CAN-MISSION-I0-003,statement,archive,Prohibited,"During I0, the implementation team must calculate and verify a SHA-256 manifest for existing repository files without creating an archive, backup, or duplicate repository tree.",Active I0 wording explicitly forbids a development-repository backup or archive.
BAR-0156,requirement,CAN-MISSION-I0-003,statement,backup,Prohibited,"During I0, the implementation team must calculate and verify a SHA-256 manifest for existing repository files without creating an archive, backup, or duplicate repository tree.",Active I0 wording explicitly forbids a development-repository backup or archive.
BAR-0157,requirement,CAN-MISSION-I0-003,rationale,archive,Prohibited,Repository hashes provide the required integrity proof; an archive hash is both unnecessary and prohibited.,Active I0 wording explicitly forbids a development-repository backup or archive.
BAR-0158,requirement,CAN-MISSION-I0-003,source_text,archive,Historical provenance only,Record archive and repository SHA-256 manifests and verify them before implementation.,Original I0 wording is retained only as trace evidence for the reviewed correction.
BAR-0159,requirement,CAN-MISSION-I0-003,review_notes,archive,Prohibited,Removed archive hashing and retained direct file-integrity verification.,Active I0 wording explicitly forbids a development-repository backup or archive.
BAR-0160,requirement,CAN-MISSION-I0-005,title,repository copy,Prohibited,WP-I0-006 must define build-output isolation rules without creating a repository copy during the,Active I0 wording explicitly forbids a development-repository backup or archive.
BAR-0161,requirement,CAN-MISSION-I0-005,statement,repository copy,Prohibited,WP-I0-006 must define build-output isolation rules without creating a repository copy during the read-only provenance baseline; build or test execution requires a separately authorized implementation workspace after WP-I0-001 exits.,Active I0 wording explicitly forbids a development-repository backup or archive.
BAR-0162,requirement,CAN-SECTION-0010,title,backup,Superseded,1.4 Low-Capability Model Failure Modes & Defensive Blocks (FAIL-01 to FAIL-32) — Sharing and mobile backup,Inactive source trace; it cannot instruct implementation.
BAR-0163,requirement,CAN-SECTION-0017,acceptance_criteria,BACKUP,Superseded,CAN-LAM-AI-027;CAN-LAM-ASSET-100;CAN-LAM-ASSET-106;CAN-LAM-ASSET-107;CAN-LAM-ASSET-109;CAN-LAM-ASSET-113;CAN-LAM-BACKUP-007;CAN-LAM-META-029;CAN-LAM-META-032,Inactive source trace; it cannot instruct implementation.
BAR-0164,requirement,CAN-SECTION-0041,acceptance_criteria,BACKUP,Superseded,CAN-LAM-ARCH-038;CAN-LAM-ASSET-040;CAN-LAM-BACKUP-004;CAN-LAM-EVENT-004;CAN-LAM-EVENT-005;CAN-LAM-META-018;CAN-LAM-PERSON-022;CAN-LAM-PERSON-023;CAN-LAM-PERSON-024;CAN-LAM-PERSON-025;CAN-LAM-TRANSACTION-002,Inactive source trace; it cannot instruct implementation.
BAR-0165,requirement,CAN-SECTION-0048,acceptance_criteria,BACKUP,Superseded,CAN-LAM-ARCH-057;CAN-LAM-ARCH-058;CAN-LAM-BACKUP-005;CAN-LAM-EVENT-013;CAN-LAM-TRASH-004,Inactive source trace; it cannot instruct implementation.
BAR-0166,requirement,CAN-SECTION-0140,acceptance_criteria,BACKUP,Superseded,CAN-LAM-BACKUP-002,Inactive source trace; it cannot instruct implementation.
BAR-0167,work_package,WP-I0-001,explicit_exclusions,Archive,Prohibited,Archive creation; backup creation; repository copies; application-file writes; Git mutation; builds; tests; caches; generated code; package installation.,The I0 package uses the term only to forbid repository duplication during read-only provenance work.
BAR-0168,work_package,WP-I0-001,explicit_exclusions,backup,Prohibited,Archive creation; backup creation; repository copies; application-file writes; Git mutation; builds; tests; caches; generated code; package installation.,The I0 package uses the term only to forbid repository duplication during read-only provenance work.
BAR-0169,work_package,WP-I0-001,tests,backup,Prohibited,"Recompute the outside-Graphify inventory and SHA-256 manifest; compare Git metadata without optional locks; scan for newly created build, test, cache, package-manager, generated-code, copy, backup, or archive artifacts.",The I0 package uses the term only to forbid repository duplication during read-only provenance work.
BAR-0170,work_package,WP-I0-001,tests,archive,Prohibited,"Recompute the outside-Graphify inventory and SHA-256 manifest; compare Git metadata without optional locks; scan for newly created build, test, cache, package-manager, generated-code, copy, backup, or archive artifacts.",The I0 package uses the term only to forbid repository duplication during read-only provenance work.
BAR-0171,work_package,WP-I0-001,completion_evidence,archive,Prohibited,"Graphify-only reports proving zero outside-Graphify additions, removals, modifications, or renames and explicitly confirming no archive, backup, copy, build, test, cache, installation, or Git mutation.",The I0 package uses the term only to forbid repository duplication during read-only provenance work.
BAR-0172,work_package,WP-I0-001,completion_evidence,backup,Prohibited,"Graphify-only reports proving zero outside-Graphify additions, removals, modifications, or renames and explicitly confirming no archive, backup, copy, build, test, cache, installation, or Git mutation.",The I0 package uses the term only to forbid repository duplication during read-only provenance work.
BAR-0173,work_package,WP-I0-001,exit_gate,archive,Prohibited,All provenance evidence is inside Graphify; no archive or backup exists; no application file or Git state changed; the final outside-Graphify comparison reports zero changes.,The I0 package uses the term only to forbid repository duplication during read-only provenance work.
BAR-0174,work_package,WP-I0-001,exit_gate,backup,Prohibited,All provenance evidence is inside Graphify; no archive or backup exists; no application file or Git state changed; the final outside-Graphify comparison reports zero changes.,The I0 package uses the term only to forbid repository duplication during read-only provenance work.
BAR-0175,work_package,WP-I0-003,objective,archive,Prohibited,"Calculate and verify path, size, and SHA-256 evidence for existing repository files without creating an archive, backup, or duplicate tree.",The I0 package uses the term only to forbid repository duplication during read-only provenance work.
BAR-0176,work_package,WP-I0-003,objective,backup,Prohibited,"Calculate and verify path, size, and SHA-256 evidence for existing repository files without creating an archive, backup, or duplicate tree.",The I0 package uses the term only to forbid repository duplication during read-only provenance work.
BAR-0177,work_package,WP-I0-003,exit_gate,archive,Prohibited,"Every manifest entry verifies and no archive, backup, copy, or repository mutation exists.",The I0 package uses the term only to forbid repository duplication during read-only provenance work.
BAR-0178,work_package,WP-I0-003,exit_gate,backup,Prohibited,"Every manifest entry verifies and no archive, backup, copy, or repository mutation exists.",The I0 package uses the term only to forbid repository duplication during read-only provenance work.
BAR-0179,work_package,WP-I0-006,objective,repository copy,Prohibited,Define where later authorized build and test outputs may be written without creating a repository copy during the read-only provenance baseline.,The I0 package uses the term only to forbid repository duplication during read-only provenance work.
BAR-0180,work_package,WP-I13-001,name,Backup,Legitimate future product backup feature,Backup manifest contract,The package reference concerns Lamha product recovery behavior or distinguishes it from another bounded package.
BAR-0181,work_package,WP-I13-001,objective,backup,Legitimate future product backup feature,Implement and verify the bounded backup manifest contract surface.,The package reference concerns Lamha product recovery behavior or distinguishes it from another bounded package.
BAR-0182,work_package,WP-I13-001,bounded_surface,Backup,Legitimate future product backup feature,Backup manifest contract,The package reference concerns Lamha product recovery behavior or distinguishes it from another bounded package.
BAR-0183,work_package,WP-I13-001,cohesion_rationale,backup,Legitimate future product backup feature,"The package is bounded to the backup manifest contract architectural surface and its direct contracts, records, and tests.",The package reference concerns Lamha product recovery behavior or distinguishes it from another bounded package.
BAR-0184,work_package,WP-I13-001,deliverables,backup,Legitimate future product backup feature,Production implementation for backup manifest contract; updated affected contracts and records; focused tests.,The package reference concerns Lamha product recovery behavior or distinguishes it from another bounded package.
BAR-0185,work_package,WP-I13-001,tests,backup,Legitimate future product backup feature,"Focused success, boundary, and failure tests for backup manifest contract; affected integration checks.",The package reference concerns Lamha product recovery behavior or distinguishes it from another bounded package.
BAR-0186,work_package,WP-I13-001,exit_gate,backup,Legitimate future product backup feature,The backup manifest contract objective and failure tests pass with no unrelated package work included.,The package reference concerns Lamha product recovery behavior or distinguishes it from another bounded package.
BAR-0187,work_package,WP-I13-002,name,Backup,Legitimate future product backup feature,Backup execution,The package reference concerns Lamha product recovery behavior or distinguishes it from another bounded package.
BAR-0188,work_package,WP-I13-002,objective,backup,Legitimate future product backup feature,Implement and verify the bounded backup execution surface.,The package reference concerns Lamha product recovery behavior or distinguishes it from another bounded package.
BAR-0189,work_package,WP-I13-002,bounded_surface,Backup,Legitimate future product backup feature,Backup execution,The package reference concerns Lamha product recovery behavior or distinguishes it from another bounded package.
BAR-0190,work_package,WP-I13-002,cohesion_rationale,backup,Legitimate future product backup feature,"The package is bounded to the backup execution architectural surface and its direct contracts, records, and tests.",The package reference concerns Lamha product recovery behavior or distinguishes it from another bounded package.
BAR-0191,work_package,WP-I13-002,deliverables,backup,Legitimate future product backup feature,Production implementation for backup execution; updated affected contracts and records; focused tests.,The package reference concerns Lamha product recovery behavior or distinguishes it from another bounded package.
BAR-0192,work_package,WP-I13-002,tests,backup,Legitimate future product backup feature,"Focused success, boundary, and failure tests for backup execution; affected integration checks.",The package reference concerns Lamha product recovery behavior or distinguishes it from another bounded package.
BAR-0193,work_package,WP-I13-002,exit_gate,backup,Legitimate future product backup feature,The backup execution objective and failure tests pass with no unrelated package work included.,The package reference concerns Lamha product recovery behavior or distinguishes it from another bounded package.
BAR-0194,work_package,WP-I13-003,name,Backup,Legitimate future product backup feature,Backup verification,The package reference concerns Lamha product recovery behavior or distinguishes it from another bounded package.
BAR-0195,work_package,WP-I13-003,objective,backup,Legitimate future product backup feature,Implement and verify the bounded backup verification surface.,The package reference concerns Lamha product recovery behavior or distinguishes it from another bounded package.
BAR-0196,work_package,WP-I13-003,bounded_surface,Backup,Legitimate future product backup feature,Backup verification,The package reference concerns Lamha product recovery behavior or distinguishes it from another bounded package.
BAR-0197,work_package,WP-I13-003,cohesion_rationale,backup,Legitimate future product backup feature,"The package is bounded to the backup verification architectural surface and its direct contracts, records, and tests.",The package reference concerns Lamha product recovery behavior or distinguishes it from another bounded package.
BAR-0198,work_package,WP-I13-003,deliverables,backup,Legitimate future product backup feature,Production implementation for backup verification; updated affected contracts and records; focused tests.,The package reference concerns Lamha product recovery behavior or distinguishes it from another bounded package.
BAR-0199,work_package,WP-I13-003,tests,backup,Legitimate future product backup feature,"Focused success, boundary, and failure tests for backup verification; affected integration checks.",The package reference concerns Lamha product recovery behavior or distinguishes it from another bounded package.
BAR-0200,work_package,WP-I13-003,exit_gate,backup,Legitimate future product backup feature,The backup verification objective and failure tests pass with no unrelated package work included.,The package reference concerns Lamha product recovery behavior or distinguishes it from another bounded package.
BAR-0201,work_package,WP-I13-011,name,Backup,Legitimate future product backup feature,Backup restore rebuild disaster drill,The package reference concerns Lamha product recovery behavior or distinguishes it from another bounded package.
BAR-0202,work_package,WP-I13-011,objective,backup,Legitimate future product backup feature,Implement and verify the bounded backup restore rebuild disaster drill surface.,The package reference concerns Lamha product recovery behavior or distinguishes it from another bounded package.
BAR-0203,work_package,WP-I13-011,bounded_surface,Backup,Legitimate future product backup feature,Backup restore rebuild disaster drill,The package reference concerns Lamha product recovery behavior or distinguishes it from another bounded package.
BAR-0204,work_package,WP-I13-011,cohesion_rationale,backup,Legitimate future product backup feature,"The package is bounded to the backup restore rebuild disaster drill architectural surface and its direct contracts, records, and tests.",The package reference concerns Lamha product recovery behavior or distinguishes it from another bounded package.
BAR-0205,work_package,WP-I13-011,deliverables,backup,Legitimate future product backup feature,Production implementation for backup restore rebuild disaster drill; updated affected contracts and records; focused tests.,The package reference concerns Lamha product recovery behavior or distinguishes it from another bounded package.
BAR-0206,work_package,WP-I13-011,tests,backup,Legitimate future product backup feature,"Focused success, boundary, and failure tests for backup restore rebuild disaster drill; affected integration checks.",The package reference concerns Lamha product recovery behavior or distinguishes it from another bounded package.
BAR-0207,work_package,WP-I13-011,exit_gate,backup,Legitimate future product backup feature,The backup restore rebuild disaster drill objective and failure tests pass with no unrelated package work included.,The package reference concerns Lamha product recovery behavior or distinguishes it from another bounded package.
BAR-0208,work_package,WP-I15-015,explicit_exclusions,backup,Legitimate future product backup feature,Removal before replacement proof; product backup behavior; unrelated feature implementation.,The package reference concerns Lamha product recovery behavior or distinguishes it from another bounded package.
BAR-0209,dependency,WP-I0-006<-WP-I0-001,technical_rationale,repository copy,Prohibited,Build-output isolation rules require the read-only repository provenance and integrity boundary to be recorded first; no repository copy or build is created by either package.,The I0 edge preserves the no-copy boundary.
BAR-0210,dependency,WP-I0-006<-WP-I0-001,evidence,repository copy,Prohibited,Prior curated dependency source: Build-output isolation rules require the read-only repository provenance and integrity boundary to be recorded first; no repository copy or build is created by either package.,The I0 edge preserves the no-copy boundary.
BAR-0211,dependency,WP-I13-001<-WP-I3-001,technical_rationale,Backup,Legitimate future product backup feature,Backup manifests inventory authoritative record revisions.,"The edge is a technical prerequisite for product backup, restore, or recovery behavior."
BAR-0212,dependency,WP-I13-001<-WP-I3-001,evidence,Backup,Legitimate future product backup feature,Prior curated dependency source: Backup manifests inventory authoritative record revisions.,"The edge is a technical prerequisite for product backup, restore, or recovery behavior."
BAR-0213,dependency,WP-I13-002<-WP-I13-001,technical_rationale,Backup,Legitimate future product backup feature,Backup execution consumes an approved manifest.,"The edge is a technical prerequisite for product backup, restore, or recovery behavior."
BAR-0214,dependency,WP-I13-002<-WP-I13-001,evidence,Backup,Legitimate future product backup feature,Prior curated dependency source: Backup execution consumes an approved manifest.,"The edge is a technical prerequisite for product backup, restore, or recovery behavior."
BAR-0215,dependency,WP-I13-002<-WP-I3-012,technical_rationale,Backup,Legitimate future product backup feature,"Backup copies use staged, verified filesystem operations.","The edge is a technical prerequisite for product backup, restore, or recovery behavior."
BAR-0216,dependency,WP-I13-002<-WP-I3-012,evidence,Backup,Legitimate future product backup feature,"Prior curated dependency source: Backup copies use staged, verified filesystem operations.","The edge is a technical prerequisite for product backup, restore, or recovery behavior."
BAR-0217,dependency,WP-I13-003<-WP-I13-002,technical_rationale,Backup,Legitimate future product backup feature,Backup verification requires completed backup outputs and their manifest hashes.,"The edge is a technical prerequisite for product backup, restore, or recovery behavior."
BAR-0218,dependency,WP-I13-003<-WP-I13-002,technical_rationale,backup,Legitimate future product backup feature,Backup verification requires completed backup outputs and their manifest hashes.,"The edge is a technical prerequisite for product backup, restore, or recovery behavior."
BAR-0219,dependency,WP-I13-003<-WP-I13-002,evidence,Backup,Legitimate future product backup feature,Backup manifest and execution,"The edge is a technical prerequisite for product backup, restore, or recovery behavior."
BAR-0220,dependency,WP-I13-005<-WP-I13-003,technical_rationale,backup,Legitimate future product backup feature,Restore requires a verified backup set.,"The edge is a technical prerequisite for product backup, restore, or recovery behavior."
BAR-0221,dependency,WP-I13-005<-WP-I13-003,evidence,backup,Legitimate future product backup feature,Prior curated dependency source: Restore requires a verified backup set.,"The edge is a technical prerequisite for product backup, restore, or recovery behavior."
BAR-0222,phase,I13,name,Backup,Legitimate future product backup feature,"Backup, Trash, Restore, and Rebuild",I13 defines Lamha user-data recovery behavior.
BAR-0223,phase,I13,exitGate,Backup,Legitimate future product backup feature,"Backup verification, trash/restore, disaster recovery, and clean rebuild drills pass.",I13 defines Lamha user-data recovery behavior.
BAR-0224,reviewed_requirement_decision,CAN-MISSION-I0-001,candidate_value,immutable archive,Historical provenance only,Preserve an immutable archive of the supplied repository snapshot before any application-source mutation.,Superseded candidate retained to prove why the reviewed correction was necessary.
BAR-0225,reviewed_requirement_decision,CAN-MISSION-I0-001,final_reviewed_value,archive,Prohibited,"During I0, the implementation team must inspect the existing Lamha repository in read-only mode and record its file inventory, SHA-256 manifest, available Git state, toolchain manifests, and provenance evidence only inside Graphify; it must create no archive, backup, repository copy, application mutation, or Git mutation.",Explicit reviewed decision removes or guards against development-repository backup/archive creation.
BAR-0226,reviewed_requirement_decision,CAN-MISSION-I0-001,final_reviewed_value,backup,Prohibited,"During I0, the implementation team must inspect the existing Lamha repository in read-only mode and record its file inventory, SHA-256 manifest, available Git state, toolchain manifests, and provenance evidence only inside Graphify; it must create no archive, backup, repository copy, application mutation, or Git mutation.",Explicit reviewed decision removes or guards against development-repository backup/archive creation.
BAR-0227,reviewed_requirement_decision,CAN-MISSION-I0-001,final_reviewed_value,repository copy,Prohibited,"During I0, the implementation team must inspect the existing Lamha repository in read-only mode and record its file inventory, SHA-256 manifest, available Git state, toolchain manifests, and provenance evidence only inside Graphify; it must create no archive, backup, repository copy, application mutation, or Git mutation.",Explicit reviewed decision removes or guards against development-repository backup/archive creation.
BAR-0228,reviewed_requirement_decision,CAN-MISSION-I0-001,acceptance_criteria,archive,Prohibited,"Given the existing Lamha repository, when WP-I0-001 records provenance, then every evidence file is inside Graphify, the outside-Graphify hash comparison reports zero changes, and no archive, backup, copy, build output, cache, or Git mutation exists.",Explicit reviewed decision removes or guards against development-repository backup/archive creation.
BAR-0229,reviewed_requirement_decision,CAN-MISSION-I0-001,acceptance_criteria,backup,Prohibited,"Given the existing Lamha repository, when WP-I0-001 records provenance, then every evidence file is inside Graphify, the outside-Graphify hash comparison reports zero changes, and no archive, backup, copy, build output, cache, or Git mutation exists.",Explicit reviewed decision removes or guards against development-repository backup/archive creation.
BAR-0230,reviewed_requirement_decision,CAN-MISSION-I0-001,review_rationale,backup,Prohibited,The prior obligation directly violated the binding no-backup rule and omitted observable read-only integrity checks.,Explicit reviewed decision removes or guards against development-repository backup/archive creation.
BAR-0231,reviewed_requirement_decision,CAN-MISSION-I0-001,correction_applied,archive,Prohibited,Replaced archive creation with read-only provenance and integrity evidence.,Explicit reviewed decision removes or guards against development-repository backup/archive creation.
BAR-0232,reviewed_requirement_decision,CAN-MISSION-I0-003,candidate_value,archive,Historical provenance only,Record archive and repository SHA-256 manifests and verify them before implementation.,Superseded candidate retained to prove why the reviewed correction was necessary.
BAR-0233,reviewed_requirement_decision,CAN-MISSION-I0-003,final_reviewed_value,archive,Prohibited,"During I0, the implementation team must calculate and verify a SHA-256 manifest for existing repository files without creating an archive, backup, or duplicate repository tree.",Explicit reviewed decision removes or guards against development-repository backup/archive creation.
BAR-0234,reviewed_requirement_decision,CAN-MISSION-I0-003,final_reviewed_value,backup,Prohibited,"During I0, the implementation team must calculate and verify a SHA-256 manifest for existing repository files without creating an archive, backup, or duplicate repository tree.",Explicit reviewed decision removes or guards against development-repository backup/archive creation.
BAR-0235,reviewed_requirement_decision,CAN-MISSION-I0-003,review_rationale,archive,Prohibited,Repository hashes provide the required integrity proof; an archive hash is both unnecessary and prohibited.,Explicit reviewed decision removes or guards against development-repository backup/archive creation.
BAR-0236,reviewed_requirement_decision,CAN-MISSION-I0-003,correction_applied,archive,Prohibited,Removed archive hashing and retained direct file-integrity verification.,Explicit reviewed decision removes or guards against development-repository backup/archive creation.
BAR-0237,reviewed_requirement_decision,CAN-MISSION-I0-005,final_reviewed_value,repository copy,Prohibited,WP-I0-006 must define build-output isolation rules without creating a repository copy during the read-only provenance baseline; build or test execution requires a separately authorized implementation workspace after WP-I0-001 exits.,Explicit reviewed decision removes or guards against development-repository backup/archive creation.
BAR-0238,reviewed_requirement_decision,CAN-LAM-GOV-238,final_reviewed_value,backup,Prohibited,"For each managed asset mutation, Rust must treat the media file, authoritative sidecar, pending overlay, and operation journal as one transaction unit; controlled backup, trash, export, and cross-drive copies must never establish a second authoritative asset location.",Explicit reviewed decision removes or guards against development-repository backup/archive creation.
BAR-0239,reviewed_requirement_decision,CAN-LAM-ASSET-047,candidate_value,backup,Historical provenance only,"with the same Photos/, Videos/, event.json, event.xmp, and .backup/ contents as a dated event. Lamha must not invent a calendar date.",Superseded candidate retained to prove why the reviewed correction was necessary.
BAR-0240,reviewed_package_decision,WP-I0-001,previous_value,Immutable archive,Historical provenance only,Immutable archive baseline — create and preserve a repository archive.,Superseded package wording retained only in the reviewed change ledger.
BAR-0241,reviewed_package_decision,WP-I0-001,previous_value,archive,Historical provenance only,Immutable archive baseline — create and preserve a repository archive.,Superseded package wording retained only in the reviewed change ledger.
BAR-0242,reviewed_package_decision,WP-I0-001,review_rationale,archive,Prohibited,Repository archive creation violates the binding no-backup and no-Git-mutation boundary.,Explicit package decision removes or guards against development-repository backup/archive creation.
BAR-0243,reviewed_package_decision,WP-I0-001,review_rationale,backup,Prohibited,Repository archive creation violates the binding no-backup and no-Git-mutation boundary.,Explicit package decision removes or guards against development-repository backup/archive creation.
BAR-0244,reviewed_package_decision,WP-I0-001,correction_applied,archive,Prohibited,"Replaced archive work with read-only inventory, hashing, Git-state observation, and toolchain/manifest analysis.",Explicit package decision removes or guards against development-repository backup/archive creation.
BAR-0245,reviewed_package_decision,WP-I0-003,previous_value,archive,Historical provenance only,Repository and archive hashes.,Superseded package wording retained only in the reviewed change ledger.
BAR-0246,reviewed_package_decision,WP-I0-003,final_value,archive,Prohibited,"Existing repository SHA-256 manifest without an archive, backup, or duplicate tree.",Explicit package decision removes or guards against development-repository backup/archive creation.
BAR-0247,reviewed_package_decision,WP-I0-003,final_value,backup,Prohibited,"Existing repository SHA-256 manifest without an archive, backup, or duplicate tree.",Explicit package decision removes or guards against development-repository backup/archive creation.
BAR-0248,reviewed_package_decision,WP-I0-003,review_rationale,archive,Prohibited,Direct file hashes prove integrity; an archive hash requires a prohibited archive.,Explicit package decision removes or guards against development-repository backup/archive creation.
BAR-0249,reviewed_package_decision,WP-I0-003,review_rationale,archive,Prohibited,Direct file hashes prove integrity; an archive hash requires a prohibited archive.,Explicit package decision removes or guards against development-repository backup/archive creation.
BAR-0250,reviewed_package_decision,WP-I0-003,correction_applied,archive,Prohibited,Removed archive hashing and retained path/size/digest verification.,Explicit package decision removes or guards against development-repository backup/archive creation.
