record_id,candidate_value,final_reviewed_value,review_status,review_rationale,evidence,reviewer_type,review_revision,correction_applied
CAN-MISSION-I0-001,Preserve an immutable archive of the supplied repository snapshot before any application-source mutation.,"During I0, the implementation team must inspect the existing Lamha repository in read-only mode and record its file inventory, SHA-256 manifest, available Git state, toolchain manifests, and provenance evidence only inside Graphify; it must create no archive, backup, repository copy, application mutation, or Git mutation.",REVIEWED_CORRECTED,The prior obligation directly violated the binding no-backup rule and omitted observable read-only integrity checks.,"LAMHA GRAPHIFY — FINAL BLOCKER REMOVAL MISSION sections 1, 2, 5, 6, and 20",AI_SEMANTIC_REVIEW,2026-08-01-final-blocker-removal,Replaced archive creation with read-only provenance and integrity evidence.
CAN-MISSION-I0-002,Create a Git baseline and rollback tag in a disposable implementation workspace.,"During I0, the implementation team may inspect existing Git metadata with optional locks disabled, but it must not create or modify commits, branches, tags, stashes, worktrees, the index, or repository configuration.",REVIEWED_CORRECTED,The prior rollback-tag instruction was a prohibited Git mutation; read-only inspection supplies provenance without altering recovery state.,"LAMHA GRAPHIFY — FINAL BLOCKER REMOVAL MISSION sections 2, 6, and 20",AI_SEMANTIC_REVIEW,2026-08-01-final-blocker-removal,Removed tag creation and made Git inspection explicitly read-only.
CAN-MISSION-I0-003,Record archive and repository SHA-256 manifests and verify them before implementation.,"During I0, the implementation team must calculate and verify a SHA-256 manifest for existing repository files without creating an archive, backup, or duplicate repository tree.",REVIEWED_CORRECTED,Repository hashes provide the required integrity proof; an archive hash is both unnecessary and prohibited.,"LAMHA GRAPHIFY — FINAL BLOCKER REMOVAL MISSION sections 2, 5, and 20",AI_SEMANTIC_REVIEW,2026-08-01-final-blocker-removal,Removed archive hashing and retained direct file-integrity verification.
CAN-MISSION-I0-005,Create a disposable build workspace so baseline commands cannot contaminate the preserved snapshot.,WP-I0-006 must define build-output isolation rules without creating a repository copy during the read-only provenance baseline; build or test execution requires a separately authorized implementation workspace after WP-I0-001 exits.,REVIEWED_CORRECTED,The prior wording could authorize a duplicate repository before provenance was proven and conflicted with the current mission's no-write boundary.,"LAMHA GRAPHIFY — FINAL BLOCKER REMOVAL MISSION sections 1, 2, 5, and 20",AI_SEMANTIC_REVIEW,2026-08-01-final-blocker-removal,Changed workspace creation into a read-only isolation decision and deferred execution.
CAN-MISSION-I0-011,"Do not delete, clean, rename, or rewrite application source during repository proof and baseline investigation.","During repository provenance and integrity inspection, every application file outside Graphify must remain byte-for-byte unchanged and no build, test, cache, generated-code, package-manager, or Git artifact may be created or modified.",REVIEWED_CORRECTED,The prior prohibition omitted common indirect write paths and did not state the observable integrity proof.,"LAMHA GRAPHIFY — FINAL BLOCKER REMOVAL MISSION sections 1, 5, and 20",AI_SEMANTIC_REVIEW,2026-08-01-final-blocker-removal,Expanded the preservation rule and added a complete hash-comparison gate.
CAN-LAM-ASSET-004,"Lamha must provide a primary media container definition spanning approved image, RAW, and video formats.","During ingestion, Lamha must classify each approved image, RAW, and video container, preserve its original bytes, and associate any detected companion bundles by stable identity.",REVIEWED_CORRECTED,The prior capability-template wording mixed a glossary definition with runtime behavior and did not provide a testable outcome.,Master Plan File 1 section 1.1; supported-format code evidence recorded on CAN-LAM-ASSET-004,AI_SEMANTIC_REVIEW,2026-08-01-final-blocker-removal,Rewrote the glossary template as ingestion behavior and moved primary ownership to media classification.
CAN-SECTION-0120,Lamha must implement the 2.6 Non-destructive defaults behavior for Metadata and satisfy every linked acceptance criterion.,"Metadata mutation must preserve original filename provenance, create revisioned metadata snapshots, and produce privacy-clean exports without modifying the managed original or discarding the last valid authoritative value.",REVIEWED_CORRECTED,The synthesized parent used a broad section template and was assigned to an I3 identity package despite its reviewed primary I11 metadata-mutation phase.,"Master Plan File 1 section 2.6 and linked records CAN-LAM-ASSET-042, CAN-LAM-EDIT-001, CAN-LAM-META-019",AI_SEMANTIC_REVIEW,2026-08-01-final-blocker-removal,Rewrote the parent semantically and reconciled membership to an I11 metadata package.
CAN-LAM-AI-006,"It is rebuildable and is never the only authoritative copy of saved user decisions, durable history, approved metadata, suppression decisions, or unresolved pending overlays.","The SQLite AI projection must remain rebuildable from versioned AI task, candidate, decision, suppression, and overlay records; deleting and rebuilding SQLite must preserve every saved user decision and durable history entry.",REVIEWED_CORRECTED,The pronoun had no named authority and the prior text did not state the rebuild trigger or observable preservation result.,CAN-LAM-AI-006 source trace and AI authority decision,AI_SEMANTIC_REVIEW,2026-08-01-final-blocker-removal,Named both authorities and added a destructive rebuild verification.
CAN-LAM-ARCH-014,The final application must feel like one integrated desktop application.,"Lamha must expose library, search, review, map, editing, and maintenance workflows through one desktop shell with shared navigation, identity, settings, error presentation, and operation status.",REVIEWED_CORRECTED,Feel like one application was subjective and could not be verified.,CAN-LAM-ARCH-014 source trace and desktop-shell package boundaries,AI_SEMANTIC_REVIEW,2026-08-01-final-blocker-removal,Replaced a subjective quality claim with observable shell integration behavior.
CAN-LAM-ARCH-250,Enabling them requires an explicit setting that identifies the external provider and network use.,"When an optional external AI adapter is disabled, Lamha must make no provider request; enabling it requires an explicit setting naming the provider and network use, and the settings UI must display the active provider before any request runs.",REVIEWED_CORRECTED,The prior pronoun was ambiguous and omitted disabled-state behavior and a visible result.,CAN-LAM-ARCH-250 source trace and optional-adapter boundary,AI_SEMANTIC_REVIEW,2026-08-01-final-blocker-removal,"Named the adapter, trigger, prohibition, and visible provider evidence."
CAN-LAM-ASSET-043,A long inline directory-tree example defining the Primary Library Root layout.,"When Lamha initializes a writable Primary Library Root, it must create the approved year and event-folder layout plus the typed .app-data authority directories, while leaving existing user folders and media bytes unchanged.",REVIEWED_CORRECTED,The prior canonical statement embedded a large illustrative tree instead of a concise behavior and result.,CAN-LAM-ASSET-043 source tree retained in source_text; root and folder schemas,AI_SEMANTIC_REVIEW,2026-08-01-final-blocker-removal,Moved the illustrative layout to provenance and retained a concise initialization obligation.
CAN-LAM-ASSET-048,Lamha must help the user sort them without immediately changing them.,"When newly discovered assets enter Manage Later, Lamha must display proposed event, folder, and metadata actions without changing media paths, bytes, or authoritative metadata until the user approves a typed operation plan.",REVIEWED_CORRECTED,"The prior pronoun and help wording did not identify assets, preservation behavior, or the approval trigger.",CAN-LAM-ASSET-048 source trace and Manage Later workflow,AI_SEMANTIC_REVIEW,2026-08-01-final-blocker-removal,"Named the actor, subject, proposals, preserved state, and authorization boundary."
CAN-LAM-ASSET-088,Camera Owner; Camera Owner/<Name>; hardware owner definition and a paragraph contrasting photographer and visible person.,"Lamha must store camera owner, photographer, and visible-person attribution as independent typed fields so changing any one attribution cannot silently change either of the others.",REVIEWED_CORRECTED,The prior row was a semicolon-delimited glossary paragraph rather than executable behavior.,CAN-LAM-ASSET-088 source trace and expanded Asset schema,AI_SEMANTIC_REVIEW,2026-08-01-final-blocker-removal,Converted the glossary into a typed independence invariant and focused update test.
CAN-LAM-ASSET-147,"Lamha must be planned and tested for: 10,000 assets / 50,000 assets / 100,000 assets.","Before release, Lamha performance validation must execute declared 10,000-, 50,000-, and 100,000-asset workloads and report latency, throughput, memory, CPU, cancellation, and responsiveness against reviewed budgets.",REVIEWED_CORRECTED,"The prior statement named sizes but no operation, measurement, or pass/fail result.",CAN-LAM-ASSET-147 source trace and I14 performance packages,AI_SEMANTIC_REVIEW,2026-08-01-final-blocker-removal,"Added workloads, observable measurements, declared budgets, and release failure behavior."
CAN-LAM-FOLDER-001,A glossary paragraph defining an Event Folder and its naming examples.,"When a user approves event materialization in a writable Library Root, Lamha must create exactly one dated Year/YYYY-MM-DD-Event-Name folder or one Unknown Date/Unknown-Date-Event-Name folder and persist the approved naming inputs.",REVIEWED_CORRECTED,The prior definition mixed examples and policy without a trigger or verifiable outcome.,CAN-LAM-FOLDER-001 source trace and event/root schemas,AI_SEMANTIC_REVIEW,2026-08-01-final-blocker-removal,Rewrote the glossary as approved materialization behavior.
CAN-LAM-GOV-052,File 3 must reference those IDs rather than clone their text.,"The implementation tracker must reference canonical requirement IDs instead of copying requirement text, and validation must reject any tracker row whose ID is missing or whose embedded statement diverges from the canonical registry.",REVIEWED_CORRECTED,File 3 and those IDs were ambiguous and the prior clause had no failure behavior.,CAN-LAM-GOV-052 source trace and canonical registry authority,AI_SEMANTIC_REVIEW,2026-08-01-final-blocker-removal,Named the tracker and registry and added rejection behavior.
CAN-LAM-GOV-054,"If an implementation discovery requires a new edge case, add it to File 1 first, then map it here by ID.","When implementation discovery identifies a new binding edge case, the planning tracker must first record a canonical requirement with source evidence and then reference that ID from its phase and work-package mappings.",REVIEWED_CORRECTED,File 1 and here were ambiguous and the original process lacked an observable validation result.,CAN-LAM-GOV-054 source trace and mapping authority,AI_SEMANTIC_REVIEW,2026-08-01-final-blocker-removal,Named each registry and added order and uniqueness gates.
CAN-LAM-GOV-075,"If two binding clauses appear irreconcilable, cite both in BLOCKEDORUNKNOWN.md and mark the requirement deferred.","When two binding clauses remain irreconcilable, the implementation team must record both exact source locations in a typed blocked-decision record, mark only the affected requirement REVIEW_REQUIRED, and continue only work with no dependency on that decision.",REVIEWED_CORRECTED,"The old filename token was malformed, the status was outside the reviewed vocabulary, and dependency blocking was implicit.",CAN-LAM-GOV-075 source trace and reviewed decision status model,AI_SEMANTIC_REVIEW,2026-08-01-final-blocker-removal,Replaced malformed free text with a typed decision and dependency-aware result.
CAN-LAM-GOV-238,as one canonical steady-state transaction unit. Missing sidecars and Pending Overlays are visible degraded states...,"For each managed asset mutation, Rust must treat the media file, authoritative sidecar, pending overlay, and operation journal as one transaction unit; controlled backup, trash, export, and cross-drive copies must never establish a second authoritative asset location.",REVIEWED_CORRECTED,The prior statement began mid-sentence and combined history with the control without a complete actor.,CAN-LAM-GOV-238 source trace and filesystem transaction schemas,AI_SEMANTIC_REVIEW,2026-08-01-final-blocker-removal,"Restored a complete actor, transaction boundary, prohibition, and recovery result."
CAN-LAM-INV-AI-04,"LAM-INV-AI-04; AI Workers; Task Invalidation Tracking; AI state MUST track task status, model identity, model version, source identity or hash, relevant configuration identity or hash, processing time, and invalidation/staleness state.","Each AI task record must store task status, model identity and version, source and configuration fingerprints, processing time, and invalidation state, and any fingerprint change must mark prior output stale before reuse.",REVIEWED_CORRECTED,The prior statement retained audit-column prefixes and deferred observable invalidation behavior.,CAN-LAM-INV-AI-04 source trace and AI task schema,AI_SEMANTIC_REVIEW,2026-08-01-final-blocker-removal,Removed audit prefixes and specified the stale-output transition.
CAN-LAM-INV-ASSET-01,LAM-INV-ASSET-01; Assets; Single Media Authority; Each managed asset corresponds to exactly one authoritative primary media file on disk.,"Each managed asset identity must resolve to exactly one authoritative primary media file; categorization, albums, tags, events, and saved views must reference that identity without duplicating the media container.",REVIEWED_CORRECTED,The prior invariant included audit prefixes and lacked an observable authority check.,CAN-LAM-INV-ASSET-01 source trace and Asset schema,AI_SEMANTIC_REVIEW,2026-08-01-final-blocker-removal,Removed audit prefixes and added identity-resolution and duplication rejection.
CAN-LAM-INV-ASSET-02,"LAM-INV-ASSET-02; Assets; Stable Asset UUIDs; Once assigned, an asset's stable UUID is immutable...","Once Lamha assigns an asset identity, every move, rename, edit, relink, and metadata revision must preserve that identity while recording the changed path or revision separately.",REVIEWED_CORRECTED,The prior invariant contained audit prefixes and deferred the serialized result.,CAN-LAM-INV-ASSET-02 source trace and Asset schema,AI_SEMANTIC_REVIEW,2026-08-01-final-blocker-removal,Removed audit prefixes and made mutation preservation directly testable.
CAN-LAM-INV-EVENT-01,LAM-INV-EVENT-01; Events; Event Directory Naming; dated and Unknown Date naming prose.,"When Lamha materializes an approved event, it must create the typed dated or Unknown Date directory name from approved event fields and must never silently promote a capture-time suggestion into the authoritative date.",REVIEWED_CORRECTED,The prior invariant mixed audit labels and examples without an approval-state result.,CAN-LAM-INV-EVENT-01 source trace and Event schema,AI_SEMANTIC_REVIEW,2026-08-01-final-blocker-removal,Removed audit prefixes and added approval-state verification.
CAN-LAM-INV-EVENT-03,LAM-INV-EVENT-03; Events; Linked Folder Immobility; assets in Linked Folders must never be moved or renamed.,Automated event builders must leave every asset inside a user-designated Linked Folder at its existing path and return a non-mutating proposal when organization would otherwise require a move or rename.,REVIEWED_CORRECTED,The prior invariant retained audit prefixes and omitted the replacement behavior when movement is prohibited.,CAN-LAM-INV-EVENT-03 source trace and linked-folder workflow,AI_SEMANTIC_REVIEW,2026-08-01-final-blocker-removal,Added a non-mutating proposal result and preservation evidence.
CAN-LAM-INV-FS-01,LAM-INV-FS-01; Storage; Authorized-Path Sandboxing; scan and write scope prose.,Rust must limit recursive scans to registered Library Roots and writes to the authorized path set or an operation-scoped destination explicitly selected by the user; every other path must be rejected before filesystem access.,REVIEWED_CORRECTED,The prior invariant retained audit prefixes and did not state rejection timing or result.,CAN-LAM-INV-FS-01 source trace and filesystem authorization contracts,AI_SEMANTIC_REVIEW,2026-08-01-final-blocker-removal,"Specified authorization inputs, pre-I/O rejection, and typed errors."
CAN-LAM-INV-META-01,LAM-INV-META-01; Metadata; Filesystem Path Authority; filesystem authority prose.,"For current path, directory, and filename fields, Lamha must read the operating-system filesystem as authority and treat cached SQLite or sidecar values only as projections that reconciliation may update.",REVIEWED_CORRECTED,The prior invariant retained audit prefixes and omitted reconciliation behavior.,CAN-LAM-INV-META-01 source trace and authority registry,AI_SEMANTIC_REVIEW,2026-08-01-final-blocker-removal,Added the stale-projection trigger and observable reconciliation result.
CAN-LAM-INV-PERSON-01,LAM-INV-PERSON-01; People; Stable Identity UUIDs; profile reference prose.,"Every person and group reference in sidecars, authoritative records, and SQLite projections must use the stable profile ID; renaming a profile must change only its presentation fields.",REVIEWED_CORRECTED,The prior invariant retained audit prefixes and lacked a rename verification.,CAN-LAM-INV-PERSON-01 source trace and person/group schemas,AI_SEMANTIC_REVIEW,2026-08-01-final-blocker-removal,Added cross-record ID preservation under rename.
CAN-LAM-INV-PERSON-02,LAM-INV-PERSON-02; People; Multiple Effective-Dated Relationship Edges; relationship prose.,"A person profile must support simultaneous and historical typed relationship edges with effective intervals, certainty, notes, and revision history, and projections must derive categories only from explicit approved rules.",REVIEWED_CORRECTED,The prior invariant retained audit prefixes and mixed schema description with projection policy.,CAN-LAM-INV-PERSON-02 source trace and relationship schemas,AI_SEMANTIC_REVIEW,2026-08-01-final-blocker-removal,Separated typed edge persistence from reviewed projection behavior.
CAN-LAM-META-002,"Every retained feature must be fully functional, backed by real file-system sidecars and SQLite indexes, and capable of handling production error states.","Each retained feature that persists user knowledge must write its reviewed authoritative record, update or rebuild its SQLite projection, and return typed results for success, invalid input, I/O failure, conflict, cancellation, and recovery.",REVIEWED_CORRECTED,Fully functional and production error states were broad claims without named observable states.,CAN-LAM-META-002 source trace and authority/schema registries,AI_SEMANTIC_REVIEW,2026-08-01-final-blocker-removal,"Replaced broad quality language with authority, projection, and typed-outcome obligations."
CAN-MISSION-I0-006,"Inventory the exact Node, package-manager, Rust, Python, media, and platform toolchains.","During read-only I0 inspection, the implementation team must record the existing Node, package-manager, Rust, Python, media, and platform toolchain manifests and report unavailable or ambiguous versions without installing or modifying anything.",REVIEWED_CORRECTED,"The imperative omitted the actor, no-write boundary, output, and missing-tool behavior.",Final blocker-removal mission I0 scope and CAN-MISSION-I0-006,AI_SEMANTIC_REVIEW,2026-08-01-final-blocker-removal,"Added read-only scope, evidence output, and unavailable-version handling."
CAN-MISSION-I0-008,"Classify missing fixtures, generated artifacts, dependencies, credentials, and environment prerequisites discovered by baseline attempts.","During read-only I0 inspection, the implementation team must classify each observed missing fixture, generated artifact, dependency, credential, or environment prerequisite and record its evidence and blocking effect without generating, installing, or supplying it.",REVIEWED_CORRECTED,"The imperative did not state the evidence record, status, or prohibition on satisfying the prerequisite during baseline.",Final blocker-removal mission I0 scope and CAN-MISSION-I0-008,AI_SEMANTIC_REVIEW,2026-08-01-final-blocker-removal,Added typed classification output and preserved the read-only boundary.
CAN-MISSION-I0-009,"Inventory frontend coupling to server routes, generated clients, authentication, runtime hosts, and server-owned state.","During read-only I0 inspection, the implementation team must record each frontend dependency on server routes, generated clients, authentication, runtime hosts, or server-owned state and link it to the owning replacement decision or package.",REVIEWED_CORRECTED,The imperative lacked a mapping result and unresolved-ownership behavior.,Final blocker-removal mission I0 scope and CAN-MISSION-I0-009,AI_SEMANTIC_REVIEW,2026-08-01-final-blocker-removal,"Added evidence, ownership linkage, and explicit unresolved status."
CAN-MISSION-I14-001,"Measure performance on declared 10k, 50k, and 100k asset fixtures before accepting budgets.","I14 performance validation must execute declared 10,000-, 50,000-, and 100,000-asset fixtures, record reviewed latency and resource budgets, and block acceptance when any required measurement is missing or exceeded.",REVIEWED_CORRECTED,"The imperative did not name the owner, full output, or failure behavior.",CAN-MISSION-I14-001 and I14 performance packages,AI_SEMANTIC_REVIEW,2026-08-01-final-blocker-removal,"Added phase ownership, measurement evidence, and gate result."
CAN-MISSION-I14-002,"Provide keyboard, focus, semantic, screen-reader, and non-visual alternatives for all graph, map, timeline, and review interfaces.","Each graph, map, timeline, and review interface must expose keyboard navigation, visible focus, semantic labels, screen-reader output, and a non-visual alternative that provides the same supported actions and state.",REVIEWED_CORRECTED,The imperative omitted equivalence and an observable accessibility test.,CAN-MISSION-I14-002 and I14 accessibility packages,AI_SEMANTIC_REVIEW,2026-08-01-final-blocker-removal,Added equivalent actions/state and test conditions.
CAN-MISSION-I14-003,"Measure background-job responsiveness, cancellation latency, CPU, GPU, memory, and power behavior on declared hardware.","I14 validation must execute representative background jobs on declared hardware and report responsiveness, cancellation latency, CPU, GPU, memory, and power measurements against reviewed budgets.",REVIEWED_CORRECTED,The imperative omitted phase ownership and pass/fail behavior.,CAN-MISSION-I14-003 and I14 background-job packages,AI_SEMANTIC_REVIEW,2026-08-01-final-blocker-removal,"Added declared workloads, budgets, evidence, and failure behavior."
CAN-MISSION-I15-002,"Generate an SBOM and complete licence, attribution, model, codec, runtime, signing, and redistribution review before release.","Before release, I15 must generate the product SBOM and record reviewed licence, attribution, model, codec, runtime, signing, and redistribution decisions; any missing component, evidence, or incompatible obligation must block packaging.",REVIEWED_CORRECTED,"The imperative listed activities but not completeness, evidence, or blocking behavior.",CAN-MISSION-I15-002 and component manifest,AI_SEMANTIC_REVIEW,2026-08-01-final-blocker-removal,Added completeness reconciliation and explicit packaging failure behavior.
CAN-LAM-ARCH-020,"It is temporary but durable, visible in Review, conflict-checked before flush, and never silently discarded.","A pending sidecar overlay must persist until it is applied or explicitly rejected, remain visible in Review, and pass revision-conflict validation before any value is flushed to authoritative metadata.",REVIEWED_CORRECTED,The pronoun was ambiguous and the prohibition had no phase or primary package.,CAN-LAM-ARCH-020 source trace and pending-overlay contract,AI_SEMANTIC_REVIEW,2026-08-01-final-blocker-removal,Named the overlay lifecycle and assigned pending-overlay ownership.
CAN-LAM-ASSET-026,"Historical intervals are never overwritten, and current edges must not silently rewrite historical asset or event composition.",Updating a current relationship edge must append or close an effective-dated revision while preserving every historical interval and the asset or event composition derived for that interval.,REVIEWED_CORRECTED,"The prohibition lacked an actor, update trigger, verification result, phase, and package.",CAN-LAM-ASSET-026 source trace and relationship-history schema,AI_SEMANTIC_REVIEW,2026-08-01-final-blocker-removal,Added revision behavior and mapped it to relationship history.
CAN-LAM-ASSET-047,"with the same Photos/, Videos/, event.json, event.xmp, and .backup/ contents as a dated event. Lamha must not invent a calendar date.","When an event has no approved date, Lamha must keep it under the typed Unknown Date layout with the same managed contents as a dated event and must not derive an authoritative calendar date from capture-time suggestions.",REVIEWED_CORRECTED,The source fragment began mid-sentence and had no active phase or package.,CAN-LAM-ASSET-047 source trace and event date-boundary package,AI_SEMANTIC_REVIEW,2026-08-01-final-blocker-removal,"Restored the subject, trigger, observable layout, and date-preservation behavior."
CAN-LAM-ASSET-090,The app may suggest a photographer but must not silently confirm one.,"Lamha may create a photographer proposal from reviewed evidence, but it must keep the authoritative photographer field unchanged until the user explicitly approves the typed attribution candidate.",REVIEWED_CORRECTED,"The prior prohibition omitted the candidate record, preserved field, approval result, phase, and package.",CAN-LAM-ASSET-090 source trace and attribution schema,AI_SEMANTIC_REVIEW,2026-08-01-final-blocker-removal,Added typed proposal and approval-boundary behavior.
CAN-LAM-DELETE-285,Lamha must not delete reusable visual components merely because they appear on an unwanted page.,Legacy page removal must retain each reusable visual component until an integrated retained-feature parity check proves the component is unused or a reviewed replacement is active.,REVIEWED_CORRECTED,"The prior gate lacked the replacement-verification trigger, evidence, phase, and removal package.",CAN-LAM-DELETE-285 source trace and legacy replacement gate,AI_SEMANTIC_REVIEW,2026-08-01-final-blocker-removal,Added parity proof and mapped the gate to replacement-verified removal.
CAN-LAM-GOV-254,"If the local coordinator, Primary Library Root operation history, or every affected writable-root manifest cannot be prepared, the mutation must not start.","Before a multi-root filesystem mutation starts, Rust must prepare the local coordinator, Primary Library Root operation history, and every affected writable-root manifest; preparation failure must return a typed error before any path changes.",REVIEWED_CORRECTED,"The prior prohibition omitted the actor, typed outcome, observable preservation result, phase, and package.",CAN-LAM-GOV-254 source trace and prepare/stage transaction contract,AI_SEMANTIC_REVIEW,2026-08-01-final-blocker-removal,Added pre-I/O typed failure behavior and transaction ownership.
CAN-LAM-PERSON-051,A person who is currently treated as Family must not be an active member of a friend group.,"When group membership validation observes an active Family classification, it must reject an overlapping active friend-group membership while preserving historical or explicitly reviewed non-overlapping intervals.",REVIEWED_CORRECTED,"The prior prohibition lacked validation behavior, interval semantics, phase, and package ownership.",CAN-LAM-PERSON-051 source trace and temporal group-membership package,AI_SEMANTIC_REVIEW,2026-08-01-final-blocker-removal,Added interval-aware validation and mapped it to group membership.
CAN-FAIL-01,"Skipping video, HEIF, supported RAW, or companion-media handling during ingestion.","Lamha ingestion must classify every approved media class and must either index supported video, HEIF, RAW, and companion-media bundles or return a typed, user-visible unsupported-format error; silent skipping and original-media overwrite are prohibited.",REVIEWED_CORRECTED,"Separated the prohibition, control, evidence, and fixture gate from the historical audit paragraph.",Master Plan File 2 FAIL-01 and File 3 media gates.,AI_SEMANTIC_REVIEW,2026-08-01-final-blocker-removal,Normalized overloaded audit text into a media-ingestion control.
CAN-FAIL-02,Writing stubs or mock production data to pass compilation.,"Completed production paths must contain no stub success, todo macro, empty success return, or hard-coded mock dataset that substitutes for required behavior.",REVIEWED_CORRECTED,Converted a governance audit paragraph into an observable completion prohibition.,Master Plan File 2 FAIL-02 and LAM-INV-COMP-02.,AI_SEMANTIC_REVIEW,2026-08-01-final-blocker-removal,Added a concrete scan and behavior gate.
CAN-FAIL-03,Completing Svelte screens with hard-coded mock data and no live IPC.,A completed target screen must obtain mutable or persisted state through its reviewed typed Tauri command and render the returned local data; hard-coded production mock state is prohibited.,REVIEWED_CORRECTED,Assigned the failure to the typed frontend bridge instead of a generic shell paragraph.,Master Plan File 2 FAIL-03 and Gate 5.,AI_SEMANTIC_REVIEW,2026-08-01-final-blocker-removal,Created a live-data integration prohibition and criterion.
CAN-FAIL-04,Silently dropping XMP sidecar generation.,"For every writable managed asset whose approved metadata is XMP-compatible, Lamha must write the co-located asset record and XMP mirror or expose a typed degraded state until reconciliation succeeds; silent XMP omission is prohibited.",REVIEWED_CORRECTED,Separated XMP authority and degraded behavior from history.,Master Plan File 2 FAIL-04 and LAM-INV-ASSET-03.,AI_SEMANTIC_REVIEW,2026-08-01-final-blocker-removal,Added transactional convergence and failure visibility.
CAN-FAIL-05,"Creating physical category directories for people, groups, albums, or tags.","Event materialization must create only approved physical placement classes; people, group, album, and tag organization must remain virtual and must not create or duplicate category folders.",REVIEWED_CORRECTED,Assigned the prohibition to event filesystem materialization.,Master Plan File 2 FAIL-05 and event-folder rules.,AI_SEMANTIC_REVIEW,2026-08-01-final-blocker-removal,Defined approved physical classes and a zero-copy gate.
CAN-FAIL-06,Automatically merging face clusters without user review.,"Face-cluster analysis may create typed merge candidates, but Lamha must not persist a cluster merge until a user or an explicitly reviewed narrow rule approves it through the Review Centre.",REVIEWED_CORRECTED,Moved the control from generic AI wording to face-cluster curation.,Master Plan File 2 FAIL-06 and LAM-INV-AI-01.,AI_SEMANTIC_REVIEW,2026-08-01-final-blocker-removal,Added proposal-versus-authority behavior.
CAN-FAIL-07,Exposing the local AI worker through a network listener.,"The AI worker must communicate only through the reviewed private local transport owned by Rust and must not open an HTTP, WebSocket, TCP, UDP, or other listener reachable by unrelated clients.",REVIEWED_CORRECTED,Assigned the prohibition to the private worker transport package.,Master Plan File 2 FAIL-07 and LAM-AI-001.,AI_SEMANTIC_REVIEW,2026-08-01-final-blocker-removal,"Specified transport, ownership, and observable listener absence."
CAN-FAIL-08,Overwriting the original filename during rename or move.,"At ingestion Lamha must persist the original filename once in the authoritative asset record, and every later rename, move, relink, or restore must preserve that value unchanged.",REVIEWED_CORRECTED,Reduced the audit paragraph to a write-once identity requirement.,Master Plan File 2 FAIL-08 and LAM-INV-ASSET-05.,AI_SEMANTIC_REVIEW,2026-08-01-final-blocker-removal,Added lifecycle triggers and an immutable observable.
CAN-FAIL-09,Deleting server infrastructure before callers and retained behavior are replaced.,"Lamha must not remove a legacy subsystem until every retained caller has migrated, replacement behavior and applicable gates pass, and a dependency rescan proves the subsystem is no longer load-bearing.",REVIEWED_CORRECTED,Created an explicit removal package and order gate.,Master Plan File 2 FAIL-09 and replacement-before-removal guardrail.,AI_SEMANTIC_REVIEW,2026-08-01-final-blocker-removal,Separated historical risk from the removal precondition.
CAN-FAIL-10,Treating rebuildable SQLite data as the only durable authority.,Lamha must persist approved user knowledge in its declared authoritative records and must be able to rebuild every derived SQLite index without losing those decisions.,REVIEWED_CORRECTED,Separated durable authority from the destructive test setup.,Master Plan File 2 FAIL-10 and LAM-INV-META-03.,AI_SEMANTIC_REVIEW,2026-08-01-final-blocker-removal,Added rebuild source and decision-equivalence verification.
CAN-FAIL-11,Moving or renaming linked-folder assets during organization.,"Automated event organization and duplicate workflows must index linked-folder assets in place and must never move or rename them, regardless of filesystem writability.",REVIEWED_CORRECTED,Assigned the rule to the filesystem materialization boundary.,Master Plan File 2 FAIL-11 and LAM-INV-EVENT-03.,AI_SEMANTIC_REVIEW,2026-08-01-final-blocker-removal,Added trigger and path/hash preservation proof.
CAN-FAIL-12,Conflating camera owner with photographer.,"Lamha must store camera owner and photographer as distinct attribution fields and must never copy, inherit, or overwrite one from the other without an explicit reviewed user action.",REVIEWED_CORRECTED,Assigned the rule to the attribution schema and importer.,Master Plan File 2 FAIL-12 and LAM-REMOVE-002.,AI_SEMANTIC_REVIEW,2026-08-01-final-blocker-removal,Added distinct fields and independence criterion.
CAN-FAIL-13,Auto-populating visible people from event attendees.,Event attendee membership and asset-visible-person membership must remain separate authoritative relationships; neither may automatically populate the other.,REVIEWED_CORRECTED,Assigned the boundary to authoritative event records.,Master Plan File 2 FAIL-13 and LAM-REMOVE-003.,AI_SEMANTIC_REVIEW,2026-08-01-final-blocker-removal,Defined separate authorities and a negative fixture.
CAN-FAIL-14,Dropping historical group membership dates.,Ending a group membership must close its active temporal interval at the approved effective date while preserving all prior intervals for historical queries.,REVIEWED_CORRECTED,Separated temporal behavior from schema-history prose.,Master Plan File 2 FAIL-14 and LAM-INV-PERSON-03.,AI_SEMANTIC_REVIEW,2026-08-01-final-blocker-removal,Added end trigger and historical query observable.
CAN-FAIL-15,Flattening nested groups into a single-level list.,Lamha must preserve stable parent-group relationships and must reject any update that would create a group cycle; derived traversal may not flatten or replace the authoritative hierarchy.,REVIEWED_CORRECTED,Assigned hierarchy authority to the group identity model.,Master Plan File 2 FAIL-15 and LAM-GROUP-001.,AI_SEMANTIC_REVIEW,2026-08-01-final-blocker-removal,Added rebuild preservation and rejected-update behavior.
CAN-FAIL-16,Claiming writes reached a read-only drive or throwing unhandled write errors.,"When a root is read-only, Lamha must record the proposed change as a versioned pending overlay in application data, report its pending state, and reconcile only after root identity, revision, and conflict checks pass.",REVIEWED_CORRECTED,Converted failure history into a detached-overlay state machine.,Master Plan File 2 FAIL-16 and LAM-EDGE-05.,AI_SEMANTIC_REVIEW,2026-08-01-final-blocker-removal,Added pending-state and guarded-reconciliation observables.
CAN-FAIL-17,Automatically splitting a continuous event at midnight.,"Midnight and time-gap heuristics may create an event-split proposal, but Lamha must preserve the existing event until a user approves a split; approved event start date controls folder naming.",REVIEWED_CORRECTED,Assigned the control to date and location boundaries.,Master Plan File 2 FAIL-17 and LAM-EDGE-06.,AI_SEMANTIC_REVIEW,2026-08-01-final-blocker-removal,Added proposal state and no-mutation proof.
CAN-FAIL-18,Re-suggesting an equivalent rejected candidate after score drift.,"Lamha must suppress an equivalent rejected candidate across routine reruns and score drift, and may reconsider it only after an explicit reopen or a material source, model, configuration, identity, or evidence change while preserving prior decisions.",REVIEWED_CORRECTED,"Separated suppression identity, allowed reopening, and history.",Master Plan File 2 FAIL-18 and LAM-INV-AI-02.,AI_SEMANTIC_REVIEW,2026-08-01-final-blocker-removal,Added equivalence and material-change criteria.
CAN-FAIL-19,Marking requirements complete after syntax checks alone.,"A requirement may be marked complete only when every applicable gate has recorded command or inspection evidence, observable outputs, changed symbols, and reasoned not-applicable decisions.",REVIEWED_CORRECTED,Converted the audit prose into a status transition invariant.,Master Plan File 2 FAIL-19 and Gate 8.,AI_SEMANTIC_REVIEW,2026-08-01-final-blocker-removal,Added exact evidence fields and rejection behavior.
CAN-FAIL-20,Leaving partial moves or corrupt sidecars after interruption.,"Before a multi-file mutation, Lamha must durably prepare a transaction manifest, stage and verify outputs, commit atomically where possible, and recover or roll back by transaction identity after crash or disconnection.",REVIEWED_CORRECTED,Assigned the control to the crash recovery engine.,Master Plan File 2 FAIL-20 and LAM-TRANSACTION-001.,AI_SEMANTIC_REVIEW,2026-08-01-final-blocker-removal,Added transaction sequence and consistent terminal states.
CAN-FAIL-21,Hardcoding platform-specific absolute paths.,"Filesystem code must use OS-native path APIs and authorized root identities; it must not embed user-specific Windows, macOS, or Linux absolute paths.",REVIEWED_CORRECTED,Assigned the prohibition to cross-platform path adapters.,Master Plan File 2 FAIL-21 and Gate 4.,AI_SEMANTIC_REVIEW,2026-08-01-final-blocker-removal,Added authorized-root and rejection behavior.
CAN-FAIL-22,"Inventing cloud backup, remote sync, or multi-user login.","The final Lamha desktop runtime must operate locally without required cloud, remote synchronization, multi-user accounts, or server listeners; any separately approved outbound client must remain explicit, optional, and disabled by default.",REVIEWED_CORRECTED,Mapped the scope prohibition to final outbound verification.,Master Plan File 2 FAIL-22 and scope-drift prohibition.,AI_SEMANTIC_REVIEW,2026-08-01-final-blocker-removal,Added offline behavior and network observables.
CAN-FAIL-23,Asking the user to implement required code or TODOs.,An implementation package must either complete its authorized work and evidence or record a genuine blocker; it must not transfer required coding or verification work to the user as homework.,REVIEWED_CORRECTED,Reclassified model-workflow history as a planning execution invariant.,Master Plan File 2 FAIL-23 and LAM-INV-COMP-01.,AI_SEMANTIC_REVIEW,2026-08-01-final-blocker-removal,Added terminal states and a transcript check.
CAN-FAIL-24,Guessing paths or inventing simplified schemas under ambiguity.,"When required evidence is ambiguous, the implementation agent must preserve the known facts, record the exact unknown and affected record as blocked, and continue only independent work; guessed paths, fields, and schemas are prohibited.",REVIEWED_CORRECTED,Converted informal workflow prose into a no-write invariant.,Master Plan File 2 FAIL-24 and anti-guessing guardrail.,AI_SEMANTIC_REVIEW,2026-08-01-final-blocker-removal,Added blocked-state and no-guessed-output behavior.
CAN-FAIL-25,Reintroducing one category per person or guessing projections from labels.,"Lamha must preserve multiple simultaneous and historical relationship edges with independent certainty, and must derive composition views only through explicit approved projection rules rather than relationship-label guesses.",REVIEWED_CORRECTED,Assigned projection behavior to the relationship view package.,Master Plan File 2 FAIL-25 and LAM-REL-001.,AI_SEMANTIC_REVIEW,2026-08-01-final-blocker-removal,Separated fact storage from derived view rules.
CAN-FAIL-26,Mutating primary media during non-destructive edits.,"Crop, rotation, and color edits must update a versioned edit recipe and compatible metadata mirrors without modifying the primary media bytes; export must create a distinct derivative and must never silently overwrite the original.",REVIEWED_CORRECTED,Separated edit authority from historical audit commentary.,Master Plan File 2 FAIL-26 and LAM-INV-ASSET-01.,AI_SEMANTIC_REVIEW,2026-08-01-final-blocker-removal,"Added recipe, reset, hash, and derivative observables."
CAN-FAIL-27,Creating extra Master Plans or writing planning files into application code.,"Lamha planning and generated semantic evidence must remain inside Graphify, application directories must contain no planning artifacts, and the authoritative Master Plan set must not be expanded by implementation tooling.",REVIEWED_CORRECTED,Mapped the historical failure to active-plan write authority.,Master Plan File 2 FAIL-27 and directory-separation invariant.,AI_SEMANTIC_REVIEW,2026-08-01-final-blocker-removal,Added resolved-root and inventory proof.
CAN-FAIL-28,Silently resolving conflicting metadata sources.,"When authoritative records, embedded metadata, XMP mirrors, or pending overlays disagree, Lamha must preserve every source value and provenance, keep the last valid authority unchanged, and create a typed review conflict instead of silently choosing a winner.",REVIEWED_CORRECTED,Assigned conflict handling to the authority-aware editor.,Master Plan File 2 FAIL-28 and directional source-of-truth matrix.,AI_SEMANTIC_REVIEW,2026-08-01-final-blocker-removal,"Added preservation, visible conflict, and explicit resolution."
CAN-FAIL-29,Using one aiChecked boolean for all AI work.,"Lamha must persist AI state per task with task type, state, model identity and version, model hash, source revision, configuration fingerprint, timestamps, and invalidation reason; a single aggregate aiChecked flag must not control validity.",REVIEWED_CORRECTED,Assigned state authority to AI task persistence.,Master Plan File 2 FAIL-29 and LAM-INV-AI-04.,AI_SEMANTIC_REVIEW,2026-08-01-final-blocker-removal,Enumerated required fields and targeted invalidation.
CAN-FAIL-30,Materializing Mind Map drafts without confirmation.,"Unsaved and saved Mind Map drafts must not mutate media folders; physical materialization requires an explicit simulation, validation, user confirmation, and durable filesystem transaction.",REVIEWED_CORRECTED,Assigned physical execution to the simulation/materialization package.,Master Plan File 2 FAIL-30 and Mind Map state machine.,AI_SEMANTIC_REVIEW,2026-08-01-final-blocker-removal,Added state transitions and no-mutation proof.
CAN-FAIL-31,Permanently deleting files when moved to Trash.,Moving a bundle to Trash must preserve the complete bundle in the reviewed root-scoped or cross-drive trash transaction; permanent deletion requires a separate explicit authorized action and must never occur during the trash move.,REVIEWED_CORRECTED,Assigned the rule to trash and permanent-delete operations.,Master Plan File 2 FAIL-31 and LAM-TRASH-001.,AI_SEMANTIC_REVIEW,2026-08-01-final-blocker-removal,Separated operations and added recoverability proof.
CAN-FAIL-32,Stopping phase execution without a genuine blocker or stop instruction.,"After a package and phase satisfy every applicable gate and record their evidence, execution may advance only to the next dependency-ready package; it must stop on a genuine blocker, explicit user stop, or missing authorization.",REVIEWED_CORRECTED,Replaced ambiguous autonomy prose with bounded package transition rules.,Master Plan File 2 FAIL-32 and autonomous workflow rule.,AI_SEMANTIC_REVIEW,2026-08-01-final-blocker-removal,Added safe transition outcomes and prohibited batch execution.
CAN-LAM-AI-014,OCR,"When Lamha indexes OCR text, it must store the recognized text with asset identity, source region, model version, source revision, and confidence so local search can return traceable results and identify stale or unavailable OCR data.",REVIEWED_CORRECTED,Expanded a noun-only source clause into OCR indexing and staleness behavior.,Master Plan File 1 section 2.1 and CAN-LAM-AI-014 code evidence,AI_SEMANTIC_REVIEW,2026-08-01-final-blocker-removal,"Added actor, trigger, persisted fields, stale behavior, and fixture."
CAN-LAM-ARCH-025,Tags,"When a local workflow proposes or changes a tag, Lamha must persist a namespaced, revisioned candidate or approved assignment, expose the decision state for review, and preserve the prior assignment if validation or storage fails.",REVIEWED_CORRECTED,Expanded a noun-only source clause into a revisioned review workflow.,Master Plan File 1 section 2.1 and tag authority rules,AI_SEMANTIC_REVIEW,2026-08-01-final-blocker-removal,"Added review state, revision, and preservation behavior."
CAN-LAM-ARCH-027,Albums,"When a user changes album membership or favorite state, Lamha must persist the affected asset relationship with a new revision, update the local view, and preserve the prior relationship if the authoritative write fails.",REVIEWED_CORRECTED,Expanded a noun-only source clause into album/favorite persistence behavior.,Master Plan File 1 section 2.1 and album authority rules,AI_SEMANTIC_REVIEW,2026-08-01-final-blocker-removal,"Added user trigger, revision, UI result, and failure preservation."
CAN-LAM-ARCH-057,Renamed,"When Lamha renames a managed asset, it must update the authorized current path through a journaled filesystem plan while preserving the original filename, stable asset identity, companion links, and original bytes.",REVIEWED_CORRECTED,The prior viewer template treated a completed filesystem action as a UI label.,Master Plan File 1 Asset Bundle Standard and operation-plan contracts,AI_SEMANTIC_REVIEW,2026-08-01-final-blocker-removal,Reclassified rename as a journaled filesystem operation.
CAN-LAM-ARCH-058,Moved,"When Lamha moves a managed asset, it must execute a validated journaled plan that preserves stable identity, original filename, companion links, metadata sidecars, and source bytes until destination verification succeeds.",REVIEWED_CORRECTED,The prior viewer template omitted transaction and bundle-integrity behavior.,Master Plan File 1 Asset Bundle Standard and file-operation plan contract,AI_SEMANTIC_REVIEW,2026-08-01-final-blocker-removal,Reclassified move as a validated transaction with recovery.
CAN-LAM-ARCH-170,Reject,"When a reviewer rejects a proposal, Lamha must persist the rejected transition, provenance, candidate fingerprint, and suppression scope while leaving authoritative metadata unchanged.",REVIEWED_CORRECTED,Expanded a button label into a persisted Review Centre transition.,Master Plan File 1 section 15.3 and Review Centre state rules,AI_SEMANTIC_REVIEW,2026-08-01-final-blocker-removal,"Added decision persistence, authority preservation, and suppression."
CAN-LAM-ARCH-291,GPS,"When privacy removal targets GPS metadata, Lamha must create a reviewed mutation/export plan that preserves source provenance and the managed original while removing approved coordinate fields only from the selected output or authoritative revision.",REVIEWED_CORRECTED,Expanded a noun-only privacy field into a scoped removal workflow.,Master Plan File 1 section 30.2 and privacy-removal contracts,AI_SEMANTIC_REVIEW,2026-08-01-final-blocker-removal,"Added scope, preservation, output, and recipe evidence."
CAN-LAM-ARCH-416,Scan,"Before the initial scanner package exits, Lamha must scan a fixture root containing supported, unsupported, nested, hidden, unreadable, and symlinked entries and report indexed, skipped-with-reason, and rejected counts without changing any source byte.",REVIEWED_CORRECTED,Replaced a one-word gate with an adversarial scanner acceptance test.,Master Plan File 3 section 24.3 and initial scanner package,AI_SEMANTIC_REVIEW,2026-08-01-final-blocker-removal,"Added fixture composition, typed outcomes, counts, and integrity proof."
CAN-LAM-ARCH-444,Maintain,"When any requirement or package status changes, the completion tracker must preserve prior revisions and record the actor, timestamp, evidence links, applicable gates, and resulting status transition.",REVIEWED_CORRECTED,Replaced a one-word tracker gate with revisioned status behavior.,Master Plan File 3 section 28 and active-plan authority package,AI_SEMANTIC_REVIEW,2026-08-01-final-blocker-removal,"Added trigger, required fields, and history verification."
CAN-LAM-DELETE-267,Use,"Destructive actions must use the shared typed confirmation contract with explicit target summary, consequence text, authorization token, collision behavior, and cancel path; feature-specific duplicate dialogs must be removed after parity proof.",REVIEWED_CORRECTED,Replaced a one-word removal gate with the retained confirmation behavior and deletion condition.,Master Plan File 2 section 37 and trash/permanent-delete contracts,AI_SEMANTIC_REVIEW,2026-08-01-final-blocker-removal,"Defined shared behavior, observable cancel/approve paths, and removal prerequisite."
CAN-LAM-GOV-179,Tests,Every actionable canonical requirement must identify at least one focused verification that exercises its success or preservation behavior and names the owning work package.,REVIEWED_CORRECTED,Replaced a one-word extraction field with a traceability requirement.,Master Plan File 3 section 10 and active registry contract,AI_SEMANTIC_REVIEW,2026-08-01-final-blocker-removal,"Added scope, required links, and validator result."
CAN-LAM-GOV-180,Proof,Every actionable canonical requirement must link exact observable evidence or a reasoned not-applicable decision for each required gate before its status can become complete.,REVIEWED_CORRECTED,Replaced a one-word proof field with a completion invariant.,Master Plan File 3 section 10 and tracker proof rules,AI_SEMANTIC_REVIEW,2026-08-01-final-blocker-removal,Added evidence granularity and blocking behavior.
CAN-LAM-GOV-273,Keep,"For every discovered production capability, the bottom-up audit must record the exact current paths and symbols, the retained behavior, its target owner, and verification evidence before classifying it as kept.",REVIEWED_CORRECTED,Replaced a one-word audit category with the evidence needed for a keep decision.,Master Plan File 3 section 20.2,AI_SEMANTIC_REVIEW,2026-08-01-final-blocker-removal,Added classification inputs and completeness validation.
CAN-LAM-GOV-274,Remove,"For every discovered legacy capability proposed for removal, the bottom-up audit must record exact paths, retained callers, replacement owner, removal condition, and absence verification before authorizing deletion.",REVIEWED_CORRECTED,Replaced a one-word audit category with replacement-before-removal evidence.,Master Plan File 3 section 20.2 and removal guardrail,AI_SEMANTIC_REVIEW,2026-08-01-final-blocker-removal,"Added callers, replacement, removal condition, and blocking result."
CAN-LAM-META-045,XMP,"When Lamha reads or writes an XMP mirror, it must preserve the authoritative value and provenance, validate the mirror revision, and surface missing, malformed, stale, or conflicting XMP as a typed degraded or review state without discarding the last valid authority.",REVIEWED_CORRECTED,Expanded a noun-only source clause into an authority-aware XMP read protocol.,Master Plan File 1 original metadata rules and sidecar read protocol,AI_SEMANTIC_REVIEW,2026-08-01-final-blocker-removal,"Added read/write trigger, validation, degraded state, and preservation."
CAN-LAM-TEST-020,Test,Each high or critical risk must link a runnable failure or boundary test that demonstrates its mitigation and identifies the package gate that the test can block.,REVIEWED_CORRECTED,Replaced a one-word risk field with a risk-to-test traceability gate.,Master Plan File 3 section 26 and risk register,AI_SEMANTIC_REVIEW,2026-08-01-final-blocker-removal,"Added risk severity scope, runnable check, owner, and failure behavior."
CAN-LAM-GOV-292,"Do not edit, move, create, or delete anything in Codebase/.","During the read-only provenance and planning boundary, every application path outside Graphify must remain byte-for-byte unchanged and every generated evidence path must resolve inside Graphify.",REVIEWED_CORRECTED,Expanded a short historical boundary gate into the current resolved-root integrity contract.,"Final blocker-removal mission sections 1, 5, and 20",AI_SEMANTIC_REVIEW,2026-08-01-final-blocker-removal,"Added resolved scope, byte integrity, and guard rejection evidence."
CAN-LAM-TEST-021,Do not mark complete before double-check and proof.,"A work package must not transition to complete until its focused checks, affected regression checks, required boundary and recovery checks, and exact evidence links have been independently validated against its exit gate.",REVIEWED_CORRECTED,Expanded a short completion warning into an observable package transition rule.,Master Plan File 3 risk management and completion gates,AI_SEMANTIC_REVIEW,2026-08-01-final-blocker-removal,Added required check classes and blocked transition behavior.
