record_id,previous_value,final_value,review_status,review_rationale,evidence,reviewer_type,review_revision,correction_applied
CAN-LAM-ASSET-004,WP-I4-004,WP-I4-003,REVIEWED_CORRECTED,"The requirement spans the approved media-class contract; HEIF/RAW decode is only one dependent implementation slice.","CAN-LAM-ASSET-004 reviewed wording and I4 package surfaces",AI_SEMANTIC_REVIEW,2026-08-01-final-blocker-removal,"Moved primary ownership to Media format classification; specific decoders remain dependencies."
CAN-SECTION-0120,WP-I3-002,WP-I11-010,REVIEWED_CORRECTED,"The parent primary phase is I11 and covers metadata snapshots, privacy export, and non-destructive mutation; an I3 identity package contradicted the reviewed phase.","Linked child records CAN-LAM-ASSET-042, CAN-LAM-EDIT-001, and CAN-LAM-META-019",AI_SEMANTIC_REVIEW,2026-08-01-final-blocker-removal,"Reconciled the package to I11 Metadata snapshots and restore; remaining phase exceptions are zero."
CAN-LAM-ARCH-020,NO_ACTIVE_PRIMARY_PACKAGE,WP-I12-005,REVIEWED_CORRECTED,"Pending sidecar overlay durability and conflict validation belong to the pending-overlay contract.","CAN-LAM-ARCH-020 reviewed wording and WP-I12-005 boundary",AI_SEMANTIC_REVIEW,2026-08-01-final-blocker-removal,"Assigned the active prohibition to I12 pending sidecar overlays."
CAN-LAM-ASSET-026,NO_ACTIVE_PRIMARY_PACKAGE,WP-I8-005,REVIEWED_CORRECTED,"Effective-dated relationship interval preservation is owned by multi-edge relationship history.","CAN-LAM-ASSET-026 reviewed wording and WP-I8-005 boundary",AI_SEMANTIC_REVIEW,2026-08-01-final-blocker-removal,"Assigned the active invariant to I8 relationship history."
CAN-LAM-ASSET-047,NO_ACTIVE_PRIMARY_PACKAGE,WP-I6-008,REVIEWED_CORRECTED,"Unknown-date preservation and approval boundaries belong to event date and location boundaries.","CAN-LAM-ASSET-047 reviewed wording and WP-I6-008 boundary",AI_SEMANTIC_REVIEW,2026-08-01-final-blocker-removal,"Assigned the active prohibition to I6 date boundaries."
CAN-LAM-ASSET-090,NO_ACTIVE_PRIMARY_PACKAGE,WP-I8-007,REVIEWED_CORRECTED,"Photographer proposals and approval are part of typed photographer, camera-owner, and importer attribution.","CAN-LAM-ASSET-090 reviewed wording and WP-I8-007 boundary",AI_SEMANTIC_REVIEW,2026-08-01-final-blocker-removal,"Assigned the active prohibition to I8 attribution."
CAN-LAM-DELETE-285,NO_ACTIVE_PRIMARY_PACKAGE,WP-I15-015,REVIEWED_CORRECTED,"Reusable-component preservation is a legacy replacement-verification and removal gate.","CAN-LAM-DELETE-285 reviewed wording and WP-I15-015 boundary",AI_SEMANTIC_REVIEW,2026-08-01-final-blocker-removal,"Assigned the active removal gate to I15 replacement-verified removal."
CAN-LAM-GOV-254,NO_ACTIVE_PRIMARY_PACKAGE,WP-I3-012,REVIEWED_CORRECTED,"Coordinator and manifest preparation is the prepare-and-stage transaction boundary.","CAN-LAM-GOV-254 reviewed wording and WP-I3-012 boundary",AI_SEMANTIC_REVIEW,2026-08-01-final-blocker-removal,"Assigned the active prohibition to I3 transaction preparation."
CAN-LAM-PERSON-051,NO_ACTIVE_PRIMARY_PACKAGE,WP-I7-008,REVIEWED_CORRECTED,"Active and historical group membership conflicts belong to temporal group memberships.","CAN-LAM-PERSON-051 reviewed wording and WP-I7-008 boundary",AI_SEMANTIC_REVIEW,2026-08-01-final-blocker-removal,"Assigned the active prohibition to I7 temporal group memberships."
